"delGcox","delGd","delGcat","delGan","delGdis","lambda","stoichCat_donor","stoichCat_h2o","stoichCat_hco3","stoichCat_nh4","stoichCat_hpo4","stoichCat_hs","stoichCat_h","stoichCat_e","stoichCat_acceptor","stoichCat_biom","stoichAn_donor","stoichAn_h2o","stoichAn_hco3","stoichAn_nh4","stoichAn_hpo4","stoichAn_hs","stoichAn_h","stoichAn_e","stoichAn_acceptor","stoichAn_biom","stoichMet_donor","stoichMet_h2o","stoichMet_hco3","stoichMet_nh4","stoichMet_hpo4","stoichMet_hs","stoichMet_h","stoichMet_e","stoichMet_acceptor","stoichMet_biom","C_num","CUE"
-136.605755937306,-1092.84604749845,-3575.98074684178,-10.4552298736712,465.116279069768,0.127143036102094,-1,-5,8,0,0,0,8,0,-7.5,0,-0.14,-0.3,0.12,-0.2,0,0,0.319999999999999,0,0,1,-0.267143036102094,-0.935715180510468,1.13714428881675,-0.2,0,0,1.33714428881675,0,-0.953572770765703,1,8,0.467914125046587
-134.887679434023,-674.438397170116,-2164.31921677611,-14.8257425635815,465.116279069767,0.208051812789854,-1,0,5,0,0,0,5,0,-4.5,0,-0.233333333333333,0.4,0.166666666666666,-0.2,0,0,0.366666666666666,0,0,1,-0.441385146123187,0.4,1.20692573061593,-0.2,0,0,1.40692573061593,0,-0.936233157554341,1,5,0.453119009003039
-153.78652097014,-615.146083880561,-2353.34037342089,-98.1530186710446,465.116279069767,0.155932930290612,-1,-2.5,4,2,1,0,4,0,-5.25,0,-0.25,-0.225,0,0.3,0.25,0,0.199999999999999,0,-0.2625,1,-0.405932930290612,-0.61483232572653,0.623731721162449,0.611865860581224,0.405932930290612,0,0.823731721162448,0,-1.08114788402571,1,4,0.615865285482067
-149.650410869643,-1346.85369782679,-4988.784590197,-64.1273242266001,465.116279069767,0.0803780856024759,-1,-2,9,0,0,0,9,0,-11,0,-0.111111111111111,0.177777777777778,0,-0.2,0,0,0.199999999999999,0,-0.172222222222222,1,-0.191489196713587,0.0170216065728261,0.723402770422284,-0.2,0,0,0.923402770422283,0,-1.05638116384946,1,9,0.580247413525378
-136.196690103191,-953.37683072234,-3105.42690348656,-11.4638097251889,465.116279069768,0.146083769943272,-1,-3,7,0,0,0,7,0,-6.5,0,-0.161538461538462,-0.0846153846153843,0.130769230769231,-0.2,0,0,0.33076923076923,0,0,1,-0.307622231481734,-0.522866694445201,1.15335562037214,-0.2,0,0,1.35335562037214,0,-0.94954450463127,1,7,0.464391478369552
-157.795366144468,-1577.95366144468,-6213.13843355222,-131.131768671045,465.116279069768,0.0537545580177545,-1,0,10,0,0,0,10,0,-14,0,-0.1,0.4,0,-0.2,0,0,0.199999999999999,0,-0.35,1,-0.153754558017754,0.4,0.537545580177545,-0.2,0,0,0.737545580177544,0,-1.10256381224856,1,10,0.650387222917013
-139.469216776112,-976.284517432785,-3293.87690348656,-3.89946083880557,465.116279069767,0.140022481636386,-1,-2,7,0,0,0,7,0,-7,0,-0.15,0.100000000000001,0.0499999999999998,-0.2,0,0,0.249999999999999,0,0,1,-0.290022481636386,-0.180044963272771,1.0301573714547,-0.2,0,0,1.2301573714547,0,-0.980157371454701,1,7,0.492572651785834
-148.059599292529,-1184.47679434023,-4329.78074684178,-51.0405186710446,465.116279069767,0.0956343483906794,-1,-1,8,0,0,0,8,0,-9.5,0,-0.125,0.275,0,-0.2,0,0,0.199999999999999,0,-0.1375,1,-0.220634348390679,0.179365651609321,0.765074787125435,-0.2,0,0,0.965074787125435,0,-1.04602630971145,1,8,0.566548232003574
-154.741007916409,-1392.66907124768,-5365.684590197,-106.005102004378,465.116279069767,0.066927373577172,-1,0,9,0,0,0,9,0,-12,0,-0.111111111111111,0.4,0,-0.2,0,0,0.199999999999999,0,-0.283333333333333,1,-0.178038484688283,0.4,0.602346362194548,-0.2,0,0,0.802346362194547,0,-1.0864618162594,1,9,0.624084794395149
-146.594216776112,-1172.7537342089,-3655.88843355222,-21.6423060131334,465.116279069767,0.121304022569894,-1,-8,8,0,0,2,10,0,-7.5,0,-0.14,-0.72,0.12,-0.2,0,0.28,0.599999999999999,0,0,1,-0.261304022569894,-1.69043218055915,1.09043218055915,-0.2,0,0.522608045139788,1.81304022569894,0,-0.909780169274206,1,8,0.47836997980605
-139.469216776112,-1255.22295098501,-4234.984590197,-3.89946083880563,465.116279069767,0.108906374606078,-1,-5,9,0,0,0,9,0,-9,0,-0.116666666666667,-0.183333333333333,0.0499999999999998,-0.2,0,0,0.249999999999999,0,0,1,-0.225573041272745,-0.727865206363722,1.0301573714547,-0.2,0,0,1.2301573714547,0,-0.980157371454701,1,9,0.492572651785834
-139.469216776112,-836.815300656672,-2823.32306013133,-3.8994608388056,465.116279069768,0.163359561909117,-1,0,6,0,0,0,6,0,-6,0,-0.175,0.4,0.0499999999999998,-0.2,0,0,0.249999999999999,0,0,1,-0.338359561909117,0.4,1.0301573714547,-0.2,0,0,1.2301573714547,0,-0.980157371454701,1,6,0.492572651785834
-133.742295098501,-1069.93836078801,-3387.53074684178,-17.947537342089,465.116279069767,0.132004334468278,-1,-5,8,0,0,0,8,0,-7,0,-0.15,-0.349999999999999,0.2,-0.2,0,0,0.399999999999999,0,0,1,-0.282004334468278,-1.01002167234139,1.25603467574623,-0.2,0,0,1.45603467574622,0,-0.924030341277947,1,8,0.443255598307341
-142.014515299495,-1278.13063769545,-4423.434590197,-1.3106575599335,465.116279069767,0.104851922652524,-1,-4,9,0,0,0,9,0,-9.5,0,-0.111111111111111,-0.0444444444444438,0,-0.2,0,0,0.199999999999999,0,-0.00555555555555576,1,-0.215963033763635,-0.463852135054539,0.943667303872713,-0.2,0,0,1.14366730387271,0,-1.00164882075453,1,9,0.51449134222072
-144.559813822878,-1301.0383244059,-4611.884590197,-22.2495464488224,465.116279069767,0.0960272799458817,-1,-3,9,0,0,0,9,0,-10,0,-0.111111111111111,0.0666666666666673,0,-0.2,0,0,0.199999999999998,0,-0.0611111111111113,1,-0.207138391056993,-0.221415173170978,0.864245519512935,-0.2,0,0,1.06424551951293,0,-1.02138391056993,1,9,0.536410032655606
-139.469216776112,-1115.7537342089,-3764.43074684178,-3.89946083880563,465.116279069767,0.122519671431838,-1,-3,8,0,0,0,8,0,-8,0,-0.13125,0.00625000000000042,0.0499999999999998,-0.2,0,0,0.249999999999999,0,0,1,-0.253769671431838,-0.361309014295512,1.0301573714547,-0.2,0,0,1.2301573714547,0,-0.980157371454701,1,8,0.492572651785834
-147.10511234626,-1323.94601111634,-4800.334590197,-43.1884353377112,465.116279069767,0.087895507241036,-1,-2,9,0,0,0,9,0,-10.5,0,-0.111111111111111,0.177777777777778,0,-0.2,0,0,0.199999999999999,0,-0.116666666666667,1,-0.199006618352147,0.00198676329570593,0.791059565169324,-0.2,0,0,0.991059565169324,0,-1.03956949269755,1,9,0.558328723090492
-153.213828802379,-1532.13828802379,-5836.23843355222,-93.4417686710445,465.116279069767,0.063683914670447,-1,-1,10,0,0,0,10,0,-13,0,-0.1,0.3,0,-0.2,0,0,0.199999999999999,0,-0.25,1,-0.163683914670447,0.236316085329553,0.63683914670447,-0.2,0,0,0.836839146704469,0,-1.07789089071581,1,10,0.610933580134218
-145.211094941285,-1306.89985447157,-4948.83074684178,-59.688008298242,465.116279069768,0.0819240526724944,-1,-2,9,1,0,0,8,0,-11,0,-0.111111111111111,0.177777777777778,0,-0.0888888888888889,0,0,0.0888888888888886,0,-0.172222222222222,1,-0.193035163783605,0.0139296724327893,0.737316474052449,-0.00696483621639454,0,0,0.744281310268843,0,-1.07338680161966,1,9,0.575600366965616
-142.332677614918,-1138.66142091934,-3952.88074684178,-3.92801867104459,465.116279069767,0.116671432794222,-1,-2,8,0,0,0,8,0,-8.5,0,-0.125,0.15,0,-0.2,0,0,0.199999999999999,0,-0.0125000000000002,1,-0.241671432794222,-0.0833428655884427,0.933371462353772,-0.2,0,0,1.13337146235377,0,-1.00420717875088,1,8,0.51723117852508
-149.650410869643,-1346.85369782679,-4988.784590197,-64.1273242266001,465.116279069768,0.0803780856024759,-1,-1,9,0,0,0,9,0,-11,0,-0.111111111111111,0.288888888888889,0,-0.2,0,0,0.199999999999999,0,-0.172222222222222,1,-0.191489196713587,0.208510803286413,0.723402770422284,-0.2,0,0,0.923402770422283,0,-1.05638116384946,1,9,0.580247413525378
-145.196138453723,-1161.56910762979,-4141.33074684178,-27.4842686710446,465.116279069767,0.105674247518739,-1,-1,8,0,0,0,8,0,-9,0,-0.125,0.275,0,-0.2,0,0,0.199999999999999,0,-0.0750000000000002,1,-0.230674247518739,0.169325752481261,0.845393980149913,-0.2,0,0,1.04539398014991,0,-1.02606822766865,1,8,0.541889705264327
-152.195709393026,-1369.76138453723,-5177.234590197,-85.066213115489,465.116279069767,0.0734079283704656,-1,0,9,0,0,0,9,0,-11.5,0,-0.111111111111111,0.4,0,-0.2,0,0,0.199999999999999,0,-0.227777777777778,1,-0.184519039481577,0.4,0.660671355334191,-0.2,0,0,0.86067135533419,0,-1.07196895403813,1,9,0.602166103960264
-145.802550109445,-1312.22295098501,-4126.44227690745,-19.5549124632126,465.116279069767,0.107977123320014,-1,-9,9,0,0,2,11,0,-8.5,0,-0.123529411764706,-0.711764705882352,0.111764705882353,-0.2,0,0.247058823529412,0.558823529411764,0,0,1,-0.23150653508472,-1.68355881576248,1.08355881576248,-0.2,0,0.46301307016944,1.74657188593192,0,-0.917805548220119,1,9,0.479948054470471
-139.469216776112,-1394.69216776112,-4705.53843355222,-3.89946083880554,465.116279069767,0.0980157371454701,-1,-6,10,0,0,0,10,0,-10,0,-0.105,-0.23,0.0499999999999998,-0.2,0,0,0.249999999999999,0,0,1,-0.20301573714547,-0.81809442287282,1.0301573714547,-0.2,0,0,1.2301573714547,0,-0.980157371454701,1,10,0.492572651785834
-131.833321205964,-790.999927235783,-2446.42306013133,-23.5667679434024,465.116279069767,0.180487798010971,-1,-1,6,0,0,0,6,0,-5,0,-0.21,0.19,0.26,-0.2,0,0,0.459999999999999,0,0,1,-0.390487798010971,0.00951220198902961,1.34292678806582,-0.2,0,0,1.54292678806582,0,-0.902438990054853,1,6,0.426816580481176
-141.759985447157,-1417.59985447157,-4893.98843355222,0.783231328955488,468.569020314936,0.0959038334512816,-1,-5,10,0,0,0,10,0,-10.5,0,-0.1,-0.0999999999999996,0,-0.2,0,0,0.199999999999999,0,-2.22044604925031e-16,1,-0.195903833451282,-0.579519167256408,0.959038334512816,-0.2,0,0,1.15903833451282,0,-1.00699025123846,1,10,0.510454533932683
-133.71537342089,-668.576867104448,-1827.37306013133,-58.0298433552222,465.116279069767,0.222771389485893,-1,-2,5,0,0,1,6,0,-3.5,0,-0.3,-0.2,0.5,-0.2,0,0.3,0.999999999999999,0,0,1,-0.522771389485893,-0.645542778971785,1.61385694742946,-0.2,0,0.522771389485893,2.33662833691536,0,-0.779699863200625,1,5,0.38257640724502
-136.923918252729,-1232.31526427456,-4046.534590197,-9.68396292839295,465.116279069767,0.112548726815456,-1,-5,9,0,0,0,9,0,-8.5,0,-0.123529411764706,-0.217647058823529,0.111764705882353,-0.2,0,0,0.311764705882352,0,0,1,-0.236078138580162,-0.780390692900807,1.12470324722145,-0.2,0,0,1.32470324722145,0,-0.956664177931374,1,9,0.470653961350948
-135.651268991038,-813.907613946228,-2634.87306013133,-12.8391458863496,465.116279069767,0.171650444959528,-1,0,6,0,0,0,6,0,-5.5,0,-0.190909090909091,0.4,0.145454545454545,-0.2,0,0,0.345454545454544,0,0,1,-0.362559535868619,0.4,1.17535721521172,-0.2,0,0,1.37535721521171,0,-0.944077447277406,1,6,0.459694616133505
-144.050754118201,-1440.50754118201,-5082.43843355222,-18.0617686710445,465.116279069768,0.0879606346920895,-1,-4,10,0,0,0,10,0,-11,0,-0.1,4.44089209850063e-16,0,-0.2,0,0,0.199999999999999,0,-0.0500000000000003,1,-0.18796063469209,-0.351842538768358,0.879606346920895,-0.2,0,0,1.07960634692089,0,-1.01756698161299,1,10,0.532026294568628
-149.881801644496,-1648.69981808946,-6118.34227690745,-66.0308595801354,465.116279069767,0.0652277040785878,-1,-3,11,0,0,0,11,0,-13.5,0,-0.0909090909090909,0.127272727272727,0,-0.2,0,0,0.199999999999999,0,-0.177272727272727,1,-0.156136794987679,-0.068410384963036,0.717504744864466,-0.2,0,0,0.917504744864465,0,-1.05784673233366,1,11,0.582240021746731
-146.774712481017,-1027.42298736712,-2848.38843355222,-53.6011717212467,465.116279069768,0.144472959692271,-1,-9,7,0,0,3,10,0,-5.5,0,-0.190909090909091,-1.31818181818182,0.336363636363636,-0.2,0,0.572727272727273,1.10909090909091,0,0,1,-0.335382050601362,-2.61843845541225,1.34767435420953,-0.2,0,1.00614615180409,2.55382050601362,0,-0.794601278307489,1,7,0.425953453981782
-130.878834259695,-1047.03067407756,-3199.08074684178,-26.5925074979556,465.116279069767,0.137078056565073,-1,-5,8,0,0,0,8,0,-6.5,0,-0.161538461538462,-0.407692307692307,0.292307692307692,-0.2,0,0,0.492307692307691,0,0,1,-0.298616518103534,-1.09308259051767,1.38893214482827,-0.2,0,0,1.58893214482827,0,-0.891007367672972,1,8,0.418597071568094
-139.469216776112,-1255.22295098501,-4234.984590197,-3.89946083880566,465.116279069768,0.108906374606078,-1,-4,9,0,0,0,9,0,-9,0,-0.116666666666667,-0.066666666666666,0.0499999999999998,-0.2,0,0,0.249999999999999,0,0,1,-0.225573041272745,-0.502292165090978,1.0301573714547,-0.2,0,0,1.2301573714547,0,-0.980157371454701,1,9,0.492572651785834
-146.341522789246,-1463.41522789246,-5270.88843355222,-36.9067686710446,465.116279069767,0.0812404807646704,-1,-3,10,0,0,0,10,0,-11.5,0,-0.1,0.100000000000001,0,-0.2,0,0,0.199999999999999,0,-0.1,1,-0.18124048076467,-0.143721442294011,0.812404807646704,-0.2,0,0,1.0124048076467,0,-1.03426552879371,1,10,0.551753115960026
-142.014515299495,-1278.13063769545,-4423.434590197,-1.31065755993352,465.116279069767,0.104851922652524,-1,-3,9,0,0,0,9,0,-9.5,0,-0.111111111111111,0.0666666666666673,0,-0.2,0,0,0.199999999999999,0,-0.00555555555555576,1,-0.215963033763635,-0.247889101290904,0.943667303872713,-0.2,0,0,1.14366730387271,0,-1.00164882075453,1,9,0.51449134222072
-148.63229146029,-1486.3229146029,-5459.33843355222,-55.7517686710446,465.116279069767,0.0749842706000481,-1,-2,10,0,0,0,10,0,-12,0,-0.1,0.200000000000001,0,-0.2,0,0,0.199999999999999,0,-0.15,1,-0.174984270600048,0.0500314587999043,0.749842706000481,-0.2,0,0,0.949842706000481,0,-1.04981124720058,1,10,0.571479937351423
-158.558955701483,-1902.70746841779,-7531.14612026267,-137.413435337711,465.116279069767,0.0435130109679278,-1,0,12,0,0,0,12,0,-17,0,-0.0833333333333333,0.4,0,-0.2,0,0,0.199999999999999,0,-0.366666666666667,1,-0.126846344301261,0.4,0.522156131615133,-0.2,0,0,0.722156131615133,0,-1.10638785312144,1,12,0.656962830047478
-131.611525517904,-1052.89220414323,-3536.02690348656,-4.86169180394005,465.116279069767,0.130161506071125,-1,-4,8,1,0,0,7,0,-7.5,0,-0.14,-0.16,0.12,-0.06,0,0,0.179999999999999,0,0,1,-0.270161506071125,-0.6806460242845,1.161292048569,0.0701615060711251,0,0,1.09113054249788,0,-0.976211295533439,1,8,0.462686197666856
-135.359328665239,-947.515300656672,-2768.48074684178,-38.3460678947071,465.116279069767,0.154153216222258,-1,-5,7,0,0,1,8,0,-5.5,0,-0.190909090909091,-0.554545454545454,0.336363636363636,-0.2,0,0.190909090909091,0.727272727272726,0,0,1,-0.345062307131349,-1.32531153565675,1.41543614991945,-0.2,0,0.345062307131349,1.96049845705079,0,-0.847842689222422,1,7,0.414003905685253
-144.559813822878,-1301.0383244059,-4611.884590197,-22.2495464488224,465.116279069768,0.0960272799458817,-1,-2,9,0,0,0,9,0,-10,0,-0.111111111111111,0.177777777777778,0,-0.2,0,0,0.199999999999998,0,-0.0611111111111113,1,-0.207138391056993,-0.0142767821139848,0.864245519512935,-0.2,0,0,1.06424551951293,0,-1.02138391056993,1,9,0.536410032655606
-150.923060131334,-1509.23060131334,-5647.78843355222,-74.5967686710445,465.116279069767,0.0691455629036554,-1,-1,10,0,0,0,10,0,-12.5,0,-0.1,0.3,0,-0.2,0,0,0.199999999999999,0,-0.2,1,-0.169145562903655,0.230854437096345,0.691455629036554,-0.2,0,0,0.891455629036554,0,-1.06431953629569,1,10,0.59120675874282
-102.8169180394,-514.084590197002,-845.169216776112,-397.245602930739,465.116279069767,0.0803042453414477,-1,-7,5,1,0,1,5,0,-1,0,-1.05,-6.95,4.25,0.85,0,1.05,4.45,0,0,1,-1.13030424534145,-7.51212971739013,4.65152122670724,0.930304245341448,0,1.13030424534145,4.85152122670724,0,-0.0803042453414477,1,5,0.176943509523476
-142.635883442779,-1283.72295098501,-4180.71343355222,-11.503537342089,465.116279069767,0.108501275903586,-1,-10.5,9,1,1,0,10,0,-8.75,0,-0.12,-0.859999999999999,0.0799999999999998,-0.08,0.12,0,0.399999999999999,0,0,1,-0.228501275903586,-1.99926339698765,1.05651148313227,0.028501275903586,0.228501275903586,0,1.48501275903586,0,-0.949386164156378,1,9,0.486260353128152
-147.10511234626,-1323.94601111634,-4800.334590197,-43.1884353377112,465.116279069767,0.087895507241036,-1,-1,9,0,0,0,9,0,-10.5,0,-0.111111111111111,0.288888888888889,0,-0.2,0,0,0.199999999999999,0,-0.116666666666667,1,-0.199006618352147,0.200993381647853,0.791059565169324,-0.2,0,0,0.991059565169323,0,-1.03956949269754,1,9,0.558328723090492
-141.551733749789,-1557.06907124768,-5364.54227690745,0.376040705671951,466.773990152478,0.0870810605536793,-1,-6,11,0,0,0,11,0,-11.5,0,-0.0913043478260869,-0.147826086956521,0.00434782608695639,-0.2,0,0,0.204347826086956,0,0,1,-0.178385408379766,-0.670312450278597,0.962239492177429,-0.2,0,0,1.16223949217743,0,-1.00143219636731,1,11,0.509621788770715
-137.178448105068,-1371.78448105068,-4517.08843355222,-9.07506797159421,465.116279069768,0.100959106248789,-1,-6,10,0,0,0,10,0,-9.5,0,-0.110526315789474,-0.263157894736841,0.105263157894737,-0.2,0,0,0.305263157894736,0,0,1,-0.211485422038262,-0.868912532229573,1.11485422038262,-0.2,0,0,1.31485422038262,0,-0.959111509363492,1,10,0.472845830394437
-136.196690103191,-953.37683072234,-3105.42690348656,-11.4638097251889,465.116279069767,0.146083769943272,-1,-1,7,0,0,0,7,0,-6.5,0,-0.161538461538462,0.238461538461539,0.130769230769231,-0.2,0,0,0.33076923076923,0,0,1,-0.307622231481734,0.0923777685182664,1.15335562037214,-0.2,0,0,1.35335562037214,0,-0.94954450463127,1,7,0.464391478369552
-153.053829711932,-1224.43063769545,-4369.734590197,-56.0347490904473,465.116279069768,0.0936170198750852,-1,-1,8,0,0,1,9,0,-9.5,0,-0.125,0.275,0,-0.2,0,0.125,0.324999999999999,0,-0.1375,1,-0.218617019875085,0.181382980124915,0.748936159000682,-0.2,0,0.218617019875085,1.16755317887577,0,-1.02686168881331,1,8,0.571776159383306
-145.802550109445,-1312.22295098501,-4126.44227690745,-19.5549124632126,465.116279069768,0.107977123320014,-1,-8,9,0,0,2,11,0,-8.5,0,-0.123529411764706,-0.588235294117647,0.111764705882353,-0.2,0,0.247058823529412,0.558823529411764,0,0,1,-0.23150653508472,-1.45205228067776,1.08355881576248,-0.2,0,0.46301307016944,1.74657188593192,0,-0.917805548220119,1,9,0.479948054470471
-131.833321205964,-1186.49989085367,-3669.634590197,-23.5667679434024,465.116279069767,0.12032519867398,-1,-6,9,0,0,0,9,0,-7.5,0,-0.14,-0.439999999999999,0.26,-0.2,0,0,0.459999999999999,0,0,1,-0.26032519867398,-1.16195119204388,1.34292678806582,-0.2,0,0,1.54292678806582,0,-0.902438990054853,1,9,0.426816580481176
-139.469216776112,-1394.69216776112,-4705.53843355222,-3.8994608388056,465.116279069767,0.0980157371454701,-1,-5,10,0,0,0,10,0,-10,0,-0.105,-0.125,0.0499999999999998,-0.2,0,0,0.249999999999999,0,0,1,-0.20301573714547,-0.61507868572735,1.0301573714547,-0.2,0,0,1.2301573714547,0,-0.980157371454701,1,10,0.492572651785834
-148.347848632828,-1335.13063769545,-4314.89227690745,-13.2220242883576,465.116279069768,0.104728977175136,-1,-7,9,0,0,2,11,0,-9,0,-0.116666666666667,-0.416666666666666,0.0499999999999998,-0.2,0,0.233333333333333,0.483333333333333,0,0,1,-0.221395643841802,-1.14976950689262,0.992560794576222,-0.2,0,0.442791287683605,1.63535208225983,0,-0.942560794576223,1,9,0.501866744905357
-134.378619729347,-1209.40757756412,-3858.084590197,-16.1915277791786,465.116279069768,0.116359488962803,-1,-5,9,0,0,0,9,0,-8,0,-0.13125,-0.256249999999999,0.18125,-0.2,0,0,0.381249999999999,0,0,1,-0.247609488962803,-0.838047444814015,1.22848540066523,-0.2,0,0,1.42848540066523,0,-0.930875911702425,1,9,0.448735270916062
-141.759985447157,-1417.59985447157,-4893.98843355222,0.783231328955446,468.569020314936,0.0959038334512816,-1,-4,10,0,0,0,10,0,-10.5,0,-0.1,4.44089209850063e-16,0,-0.2,0,0,0.199999999999999,0,-2.22044604925031e-16,1,-0.195903833451282,-0.383615333805126,0.959038334512816,-0.2,0,0,1.15903833451282,0,-1.00699025123846,1,10,0.510454533932683
-147.799284670819,-1625.79213137901,-5929.89227690745,-48.8990413983173,465.116279069767,0.0701896793795579,-1,-3,11,0,0,0,11,0,-13,0,-0.0909090909090909,0.127272727272728,0,-0.2,0,0,0.199999999999999,0,-0.131818181818182,1,-0.161098770288649,-0.0832963108659458,0.772086473175137,-0.2,0,0,0.972086473175136,0,-1.04428401375243,1,11,0.564306547754551
-144.050754118201,-1440.50754118201,-5082.43843355222,-18.0617686710446,465.116279069767,0.0879606346920895,-1,-3,10,0,0,0,10,0,-11,0,-0.1,0.100000000000001,0,-0.2,0,0,0.199999999999999,0,-0.0500000000000003,1,-0.18796063469209,-0.163881904076268,0.879606346920895,-0.2,0,0,1.07960634692089,0,-1.01756698161299,1,10,0.532026294568629
-149.881801644496,-1648.69981808946,-6118.34227690745,-66.0308595801355,465.116279069767,0.0652277040785878,-1,-2,11,0,0,0,11,0,-13.5,0,-0.0909090909090909,0.218181818181819,0,-0.2,0,0,0.199999999999999,0,-0.177272727272727,1,-0.156136794987679,0.0877264100246431,0.717504744864466,-0.2,0,0,0.917504744864465,0,-1.05784673233366,1,11,0.582240021746731
-146.774712481017,-1027.42298736712,-2848.38843355222,-53.6011717212467,465.116279069768,0.144472959692271,-1,-8,7,0,0,3,10,0,-5.5,0,-0.190909090909091,-1.12727272727273,0.336363636363636,-0.2,0,0.572727272727273,1.10909090909091,0,0,1,-0.335382050601362,-2.28305640481089,1.34767435420953,-0.2,0,1.00614615180409,2.55382050601362,0,-0.794601278307489,1,7,0.425953453981782
-123.753834259695,-990.030674077562,-3307.62306013134,-5.9613843355223,465.116279069767,0.138817176681557,-1,-5,8,2,0,0,6,0,-7,0,-0.15,-0.349999999999999,0.2,0.0999999999999999,0,0,0.0999999999999991,0,0,1,-0.288817176681557,-1.04408588340779,1.31053741345246,0.377634353363115,0,0,0.932903060089344,0,-0.971720236770902,1,8,0.432799743547877
-146.341522789246,-1463.41522789246,-5270.88843355222,-36.9067686710446,465.116279069767,0.0812404807646703,-1,-2,10,0,0,0,10,0,-11.5,0,-0.1,0.200000000000001,0,-0.2,0,0,0.199999999999999,0,-0.1,1,-0.18124048076467,0.0375190384706599,0.812404807646703,-0.2,0,0,1.0124048076467,0,-1.03426552879371,1,10,0.551753115960026
-151.964318618173,-1671.6075047999,-6306.79227690745,-83.1626777619536,465.116279069767,0.0605622612157929,-1,-1,11,0,0,0,11,0,-14,0,-0.0909090909090909,0.30909090909091,0,-0.2,0,0,0.199999999999999,0,-0.222727272727273,1,-0.151471352124884,0.248528647875117,0.666184873373722,-0.2,0,0,0.866184873373721,0,-1.07059892974837,1,11,0.60017349573891
-112.743582280593,-676.461493683559,-1504.17306013133,-141.570610570983,465.116279069768,0.215098699128766,-1,-7,6,1,0,1,6,0,-2.5,0,-0.42,-2.54,1.52,0.22,0,0.42,1.72,4.44089209850063e-16,0,1,-0.635098699128766,-4.04569089390136,2.8105921947726,0.435098699128766,0,0.635098699128766,3.01059219477259,4.44089209850063e-16,-0.537746747821915,1,6,0.262426402219531
-128.748064679098,-1029.98451743278,-3347.57690348656,-11.9544608388055,465.116279069767,0.13537009941698,-1,-4,8,1,0,0,7,0,-7,0,-0.15,-0.2,0.2,-0.05,0,0,0.249999999999999,0,0,1,-0.28537009941698,-0.74148039766792,1.28296079533584,0.0853700994169801,0,0,1.19759069591886,0,-0.947590695918861,1,8,0.438027670927609
-140.356399528353,-842.138397170115,-2000.934590197,-110.098302374923,465.116279069768,0.177426078010822,-1,-8,6,0,0,3,9,0,-3.5,0,-0.3,-2,0.8,-0.2,0,0.9,1.9,0,0,1,-0.477426078010822,-3.41940862408657,1.86455646806493,-0.2,0,1.43227823403247,3.49683470209739,0,-0.620991273037876,1,6,0.349094183043116
-132.086801992318,-924.607613946228,-2580.03074684178,-51.6243821525957,465.116279069767,0.160266267145587,-1,-5,7,0,0,1,8,0,-5,0,-0.21,-0.65,0.47,-0.2,0,0.21,0.88,0,0,1,-0.370266267145587,-1.45133133572793,1.59186387001911,-0.2,0,0.370266267145587,2.16213013716469,0,-0.801331335727933,1,7,0.385822732268971
-148.63229146029,-1486.3229146029,-5459.33843355222,-55.7517686710446,465.116279069768,0.0749842706000481,-1,-1,10,0,0,0,10,0,-12,0,-0.1,0.300000000000001,0,-0.2,0,0,0.199999999999999,0,-0.15,1,-0.174984270600048,0.225015729399953,0.749842706000481,-0.2,0,0,0.949842706000481,0,-1.04981124720058,1,10,0.571479937351423
-136.605755937306,-1092.84604749845,-3575.98074684178,-10.4552298736711,465.116279069768,0.127143036102094,-1,-2,8,0,0,0,8,0,-7.5,0,-0.14,0.12,0.12,-0.2,0,0,0.319999999999999,0,0,1,-0.267143036102094,-0.134286072204187,1.13714428881675,-0.2,0,0,1.33714428881675,0,-0.953572770765703,1,8,0.467914125046587
-156.268187030438,-2344.02280545657,-9131.25765032833,-118.568435337711,465.116279069767,0.0379518196729007,-1,-3,15,0,0,0,15,0,-20.5,0,-0.0666666666666667,0.200000000000001,0,-0.2,0,0,0.199999999999999,0,-0.316666666666667,1,-0.104618486339567,0.0861445409812984,0.569277295093511,-0.2,0,0,0.76927729509351,0,-1.09467896996113,1,15,0.637236008656081
-134.474986356709,-1075.79989085367,-3724.47690348656,1.3444811015674,471.043193866347,0.126833294234072,-1,-2,8,1,0,0,7,0,-8,0,-0.13125,0.1375,0.0499999999999998,-0.06875,0,0,0.118749999999999,0,0,1,-0.258083294234072,-0.116166588468143,1.06466635387257,0.0580832942340716,0,0,1.0065830596385,0,-1.01466635387257,1,8,0.484339756941531
-150.898585878961,-1659.88444466857,-5632.89996361789,-21.8997401901759,465.116279069767,0.0786835451973699,-1,-8,11,0,0,2,13,0,-12,0,-0.0909090909090909,-0.327272727272727,0,-0.2,0,0.181818181818182,0.381818181818182,0,-0.040909090909091,1,-0.169592636106461,-0.956741088851686,0.865518997171069,-0.2,0,0.339185272212922,1.40470426938399,0,-0.98511163327753,1,11,0.536043857777075
-139.469216776112,-1534.16138453723,-5176.09227690745,-3.89946083880557,465.116279069767,0.089105215586791,-1,-6,11,0,0,0,11,0,-11,0,-0.0954545454545454,-0.172727272727272,0.0499999999999998,-0.2,0,0,0.249999999999999,0,0,1,-0.184559761041336,-0.707358566248018,1.0301573714547,-0.2,0,0,1.2301573714547,0,-0.980157371454701,1,11,0.492572651785834
-139.469216776112,-1115.7537342089,-3764.43074684178,-3.89946083880554,465.116279069767,0.122519671431838,-1,-1,8,0,0,0,8,0,-8,0,-0.13125,0.26875,0.0499999999999998,-0.2,0,0,0.249999999999999,0,0,1,-0.253769671431838,0.146230328568163,1.0301573714547,-0.2,0,0,1.2301573714547,0,-0.980157371454701,1,8,0.492572651785834
-145.196138453723,-1742.35366144468,-6211.99612026267,-27.4842686710446,465.116279069768,0.0704494983458261,-1,-5,12,0,0,0,12,0,-13.5,0,-0.0833333333333333,-0.0166666666666662,0,-0.2,0,0,0.199999999999999,0,-0.0750000000000002,1,-0.153782831679159,-0.368914158395797,0.845393980149913,-0.2,0,0,1.04539398014991,0,-1.02606822766865,1,12,0.541889705264327
-147.10511234626,-1323.94601111634,-4800.334590197,-43.1884353377112,465.116279069767,0.087895507241036,-1,0,9,0,0,0,9,0,-10.5,0,-0.111111111111111,0.4,0,-0.2,0,0,0.199999999999999,0,-0.116666666666667,1,-0.199006618352147,0.4,0.791059565169324,-0.2,0,0,0.991059565169323,0,-1.03956949269754,1,9,0.558328723090492
-154.195586804255,-2158.73821525957,-8283.80380697311,-101.518197242473,465.116279069767,0.0438926476652218,-1,-3,14,0,0,0,14,0,-18.5,0,-0.0714285714285714,0.185714285714286,0,-0.2,0,0,0.199999999999999,0,-0.271428571428572,1,-0.115321219093793,0.0540363427186208,0.614497067313106,-0.2,0,0,0.814497067313105,0,-1.08344255323518,1,14,0.619387932159103
-147.459985447157,-1474.59985447157,-4785.44612026267,-12.2897679434022,465.116279069767,0.0946257673258497,-1,-8,10,0,0,2,12,0,-10,0,-0.105,-0.44,0.0499999999999998,-0.2,0,0.21,0.459999999999999,0,0,1,-0.19962576732585,-1.1970061386068,0.996257673258496,-0.2,0,0.399251534651699,1.5955092079102,0,-0.946257673258497,1,10,0.500937335593404
-134.887679434023,-1348.87679434023,-4328.63843355222,-14.8257425635814,465.116279069767,0.104025906394927,-1,-6,10,0,0,0,10,0,-9,0,-0.116666666666667,-0.3,0.166666666666666,-0.2,0,0,0.366666666666666,0,0,1,-0.220692573061593,-0.92415543836956,1.20692573061593,-0.2,0,0,1.40692573061593,0,-0.936233157554341,1,10,0.453119009003039
-141.551733749789,-1557.06907124768,-5364.54227690745,0.376040705671951,466.773990152478,0.0870810605536793,-1,-5,11,0,0,0,11,0,-11.5,0,-0.0913043478260869,-0.0565217391304344,0.00434782608695639,-0.2,0,0,0.204347826086956,0,0,1,-0.178385408379766,-0.491927041898831,0.962239492177429,-0.2,0,0,1.16223949217743,0,-1.00143219636731,1,11,0.509621788770715
-150.190368873126,-1201.52295098501,-4181.284590197,-32.4784990904474,465.116279069767,0.103470063002561,-1,-1,8,0,0,1,9,0,-9,0,-0.125,0.275,0,-0.2,0,0.125,0.324999999999999,0,-0.0750000000000002,1,-0.228470063002561,0.17152993699744,0.827760504020486,-0.2,0,0.228470063002561,1.25623056702305,0,-1.00623056702305,1,8,0.547117632644059
-147.10511234626,-1765.26134815512,-6400.44612026267,-43.1884353377112,465.116279069767,0.065921630430777,-1,-4,12,0,0,0,12,0,-14,0,-0.0833333333333333,0.0666666666666669,0,-0.2,0,0,0.199999999999999,0,-0.116666666666667,1,-0.14925496376411,-0.197019855056441,0.791059565169324,-0.2,0,0,0.991059565169323,0,-1.03956949269754,1,12,0.558328723090492
-129.288022682581,-1163.59220414323,-3481.184590197,-31.9956138453724,465.116279069768,0.124417609581537,-1,-6,9,0,0,0,9,0,-7,0,-0.15,-0.5,0.35,-0.2,0,0,0.549999999999999,0,0,1,-0.274417609581537,-1.24650565748922,1.46975848623384,-0.2,0,0,1.66975848623384,0,-0.870923267070762,1,9,0.40489789004629
-137.178448105068,-1371.78448105068,-4517.08843355222,-9.07506797159404,465.116279069767,0.100959106248789,-1,-5,10,0,0,0,10,0,-9.5,0,-0.110526315789474,-0.152631578947368,0.105263157894737,-0.2,0,0,0.305263157894736,0,0,1,-0.211485422038262,-0.657427110191312,1.11485422038262,-0.2,0,0,1.31485422038262,0,-0.959111509363493,1,10,0.472845830394436
-143.634250723466,-1579.97675795812,-5552.99227690745,-14.6354050346809,465.116279069767,0.0811239871354489,-1,-4,11,0,0,0,11,0,-12,0,-0.0909090909090909,0.0363636363636366,0,-0.2,0,0,0.2,0,-0.040909090909091,1,-0.17203307804454,-0.288132312178159,0.892363858489938,-0.2,0,0,1.09236385848994,0,-1.01439693653448,1,11,0.528439599770193
-149.014086238797,-1788.16903486557,-6588.89612026267,-58.8926020043779,465.116279069767,0.0616527669659474,-1,-3,12,0,0,0,12,0,-14.5,0,-0.0833333333333333,0.15,0,-0.2,0,0,0.199999999999999,0,-0.158333333333333,1,-0.144986100299281,-0.034958300897842,0.739833203591369,-0.2,0,0,0.939833203591369,0,-1.05229845433957,1,12,0.574767740916656
-139.469216776112,-1394.69216776112,-4705.53843355222,-3.89946083880543,465.116279069767,0.0980157371454702,-1,-4,10,0,0,0,10,0,-10,0,-0.105,-0.0199999999999999,0.0499999999999998,-0.2,0,0,0.249999999999999,0,0,1,-0.20301573714547,-0.412062948581881,1.0301573714547,-0.2,0,0,1.2301573714547,0,-0.980157371454702,1,10,0.492572651785834
-145.716767697142,-1602.88444466857,-5741.44227690745,-31.7672232164991,465.116279069768,0.0754773861606576,-1,-3,11,0,0,0,11,0,-12.5,0,-0.0909090909090909,0.127272727272728,0,-0.2,0,0,0.199999999999999,0,-0.0863636363636366,1,-0.166386477069748,-0.0991594312092448,0.830251247767233,-0.2,0,0,1.03025124776723,0,-1.02983096337186,1,11,0.546373073762372
-150.923060131334,-1811.07672157601,-6777.34612026267,-74.5967686710446,465.116279069768,0.0576213024197129,-1,-2,12,0,0,0,12,0,-15,0,-0.0833333333333333,0.233333333333334,0,-0.2,0,0,0.199999999999999,0,-0.2,1,-0.140954635753046,0.118090728493908,0.691455629036554,-0.2,0,0,0.891455629036554,0,-1.06431953629569,1,12,0.591206758742821
-159.104376813636,-2227.46127539091,-8849.15380697311,-141.900340099616,465.116279069768,0.0365250673703352,-1,0,14,0,0,0,14,0,-20,0,-0.0714285714285714,0.4,0,-0.2,0,0,0.199999999999999,0,-0.378571428571429,1,-0.107953638798907,0.4,0.511350943184693,-0.2,0,0,0.711350943184693,0,-1.10907277597813,1,14,0.661659692283525
-148.724986356709,-1189.79989085367,-3507.39227690745,-35.926766851939,465.116279069768,0.122367125868298,-1,-8,8,0,0,3,11,0,-7,0,-0.15,-0.799999999999999,0.2,-0.2,0,0.45,0.849999999999999,0,0,1,-0.272367125868298,-1.77893700694638,1.17893700694638,-0.2,0,0.817101377604893,2.19603838455127,0,-0.856569881078083,1,8,0.458939380446535
-141.759985447157,-1417.59985447157,-4893.98843355222,0.783231328955602,468.569020314936,0.0959038334512818,-1,-3,10,0,0,0,10,0,-10.5,0,-0.1,0.1,0,-0.2,0,0,0.199999999999999,0,-2.22044604925031e-16,1,-0.195903833451282,-0.187711500353845,0.959038334512818,-0.2,0,0,1.15903833451282,0,-1.00699025123846,1,10,0.510454533932683
-147.799284670819,-1625.79213137901,-5929.89227690745,-48.8990413983173,465.116279069767,0.0701896793795579,-1,-2,11,0,0,0,11,0,-13,0,-0.0909090909090909,0.218181818181819,0,-0.2,0,0,0.199999999999999,0,-0.131818181818182,1,-0.161098770288649,0.0778024594227029,0.772086473175137,-0.2,0,0,0.972086473175136,0,-1.04428401375243,1,11,0.564306547754551
-152.832034023872,-1833.98440828646,-6965.79612026267,-90.3009353377112,465.116279069767,0.0538079692918033,-1,-1,12,0,0,0,12,0,-15.5,0,-0.0833333333333333,0.316666666666667,0,-0.2,0,0,0.199999999999999,0,-0.241666666666667,1,-0.137141302625137,0.262858697374864,0.64569563150164,-0.2,0,0,0.845695631501639,0,-1.07569019068962,1,12,0.607645776568985
-144.050754118201,-1440.50754118201,-5082.43843355222,-18.0617686710444,465.116279069768,0.0879606346920896,-1,-2,10,0,0,0,10,0,-11,0,-0.1,0.2,0,-0.2,0,0,0.199999999999999,0,-0.0500000000000003,1,-0.18796063469209,0.0240787306158211,0.879606346920896,-0.2,0,0,1.07960634692089,0,-1.01756698161299,1,10,0.532026294568628
-149.881801644496,-1648.69981808946,-6118.34227690745,-66.0308595801354,465.116279069767,0.0652277040785878,-1,-1,11,0,0,0,11,0,-13.5,0,-0.0909090909090909,0.30909090909091,0,-0.2,0,0,0.199999999999999,0,-0.177272727272727,1,-0.156136794987679,0.243863205012322,0.717504744864466,-0.2,0,0,0.917504744864465,0,-1.05784673233366,1,11,0.582240021746731
-153.213828802379,-2298.20743203568,-8754.35765032834,-93.4417686710446,465.116279069767,0.0424559431136313,-1,-4,15,0,0,0,15,0,-19.5,0,-0.0666666666666667,0.133333333333334,0,-0.2,0,0,0.199999999999999,0,-0.25,1,-0.109122609780298,-0.0364904391211915,0.63683914670447,-0.2,0,0,0.836839146704469,0,-1.07789089071581,1,15,0.610933580134218
-135.304182828758,-1488.34601111634,-4799.19227690745,-13.7331143911039,465.116279069768,0.0940539863031974,-1,-7,11,0,0,0,11,0,-10,0,-0.105,-0.334999999999999,0.155,-0.2,0,0,0.354999999999999,0,0,1,-0.199053986303197,-0.993377904122381,1.18959384933517,-0.2,0,0,1.38959384933517,0,-0.940539863031974,1,11,0.456705703801475
-151.85511234626,-1822.26134815512,-6291.90380697311,-34.1432425635817,465.116279069767,0.0684964439584331,-1,-8,12,0,0,2,14,0,-13.5,0,-0.0833333333333333,-0.266666666666666,0,-0.2,0,0.166666666666667,0.366666666666665,0,-0.0750000000000002,1,-0.151829777291766,-0.814638218334131,0.821957327501197,-0.2,0,0.303659554583533,1.32561688208473,0,-0.999701993438847,1,12,0.548860275103969
-141.378190668649,-1696.53828802379,-5835.09612026267,0.0340005821136593,465.266164816013,0.079741645348797,-1,-6,12,0,0,0,12,0,-12.5,0,-0.084,-0.104,0.00799999999999997,-0.2,0,0,0.207999999999999,0,0,1,-0.163741645348797,-0.582449872092781,0.964899744185564,-0.2,0,0,1.16489974418556,0,-0.996770566859962,1,12,0.50893181851092
-131.611525517904,-1052.89220414323,-3536.02690348656,-4.86169180393996,465.116279069767,0.130161506071125,-1,-2,8,1,0,0,7,0,-7.5,0,-0.14,0.12,0.12,-0.06,0,0,0.179999999999999,0,0,1,-0.270161506071125,-0.14032301214225,1.161292048569,0.0701615060711252,0,0,1.09113054249788,0,-0.976211295533439,1,8,0.462686197666855
-137.386699802435,-1511.25369782679,-4987.64227690745,-8.58215300656669,465.116279069768,0.0915330532377859,-1,-6,11,0,0,0,11,0,-10.5,0,-0.1,-0.199999999999999,0.0999999999999998,-0.2,0,0,0.299999999999999,0,0,1,-0.191533053237786,-0.749198319426715,1.10686358561564,-0.2,0,0,1.30686358561564,0,-0.961097058996752,1,11,0.474639177793654
-136.605755937306,-1092.84604749845,-3575.98074684178,-10.4552298736711,465.116279069768,0.127143036102094,-1,-1,8,0,0,0,8,0,-7.5,0,-0.14,0.26,0.12,-0.2,0,0,0.319999999999999,0,0,1,-0.267143036102094,0.132856963897907,1.13714428881675,-0.2,0,0,1.33714428881675,0,-0.953572770765703,1,8,0.467914125046587
-143.287164561186,-1719.44597473423,-6023.54612026267,-11.780102004378,465.116279069767,0.0752606800071485,-1,-5,12,0,0,0,12,0,-13,0,-0.0833333333333333,-0.0166666666666662,0,-0.2,0,0,0.199999999999999,0,-0.0333333333333334,1,-0.158594013340482,-0.392970066702409,0.903128160085782,-0.2,0,0,1.10312816008578,0,-1.01172217342626,1,12,0.525450687438163
-151.544428274618,-1363.89985447157,-4840.28843355222,-47.6277512660693,465.116279069767,0.0862528201645432,-1,-1,9,0,0,1,10,0,-10.5,0,-0.111111111111111,0.288888888888889,0,-0.2,0,0.111111111111111,0.311111111111111,0,-0.116666666666667,1,-0.197363931275654,0.202636068724346,0.776275381480888,-0.2,0,0.197363931275654,1.17363931275654,0,-1.02232127839437,1,9,0.562975769650253
-148.279865510899,-1927.63825164168,-7059.44996361789,-52.8525379018137,465.116279069767,0.0583988474020819,-1,-4,13,0,0,0,13,0,-15.5,0,-0.0769230769230769,0.0923076923076924,0,-0.2,0,0,0.199999999999999,0,-0.142307692307692,1,-0.135321924325159,-0.141287697300635,0.759185016227064,-0.2,0,0,0.959185016227064,0,-1.04748982703996,1,13,0.568445041752747
-144.219216776112,-865.315300656672,-2769.05190348656,-15.4708816046716,465.116279069768,0.162382437432444,-1,-3.5,6,1,1,0,7,0,-5.75,0,-0.182608695652174,-0.239130434782608,0.0956521739130434,-0.0173913043478261,0.182608695652174,0,0.478260869565217,0,0,1,-0.344991133084618,-0.807468965796162,1.06994679850771,0.144991133084618,0.344991133084618,0,1.61493793159232,0,-0.933699015236553,1,6,0.483104203799311
-139.469216776112,-1534.16138453723,-5176.09227690745,-3.89946083880557,465.116279069767,0.089105215586791,-1,-5,11,0,0,0,11,0,-11,0,-0.0954545454545454,-0.0772727272727269,0.0499999999999998,-0.2,0,0,0.249999999999999,0,0,1,-0.184559761041336,-0.522798805206682,1.0301573714547,-0.2,0,0,1.2301573714547,0,-0.980157371454701,1,11,0.492572651785834
-145.196138453723,-1742.35366144468,-6211.99612026267,-27.4842686710447,465.116279069767,0.0704494983458261,-1,-4,12,0,0,0,12,0,-13.5,0,-0.0833333333333333,0.0666666666666673,0,-0.2,0,0,0.199999999999999,0,-0.0750000000000002,1,-0.153782831679159,-0.215131326716637,0.845393980149913,-0.2,0,0,1.04539398014991,0,-1.02606822766865,1,12,0.541889705264327
-150.041995257856,-1950.54593835213,-7247.89996361789,-67.3486917479676,465.116279069767,0.0548803914676616,-1,-3,13,0,0,0,13,0,-16,0,-0.0769230769230769,0.16923076923077,0,-0.2,0,0,0.199999999999999,0,-0.180769230769231,1,-0.131803468390738,0.00458959482778484,0.7134450890796,-0.2,0,0,0.9134450890796,0,-1.05885549425182,1,13,0.583619519746129
-134.887679434023,-1348.87679434023,-4328.63843355222,-14.8257425635814,465.116279069767,0.104025906394927,-1,-5,10,0,0,0,10,0,-9,0,-0.116666666666667,-0.183333333333333,0.166666666666666,-0.2,0,0,0.366666666666666,0,0,1,-0.220692573061593,-0.703462865307967,1.20692573061593,-0.2,0,0,1.40692573061593,0,-0.936233157554341,1,10,0.453119009003039
-141.551733749789,-1557.06907124768,-5364.54227690745,0.376040705671965,466.773990152478,0.0870810605536794,-1,-4,11,0,0,0,11,0,-11.5,0,-0.0913043478260869,0.0347826086956525,0.00434782608695639,-0.2,0,0,0.204347826086956,0,0,1,-0.178385408379766,-0.313541633519065,0.962239492177429,-0.2,0,0,1.16223949217743,0,-1.00143219636731,1,11,0.509621788770715
-147.10511234626,-1765.26134815512,-6400.44612026267,-43.1884353377112,465.116279069767,0.065921630430777,-1,-3,12,0,0,0,12,0,-14,0,-0.0833333333333333,0.15,0,-0.2,0,0,0.199999999999999,0,-0.116666666666667,1,-0.14925496376411,-0.0477648912923307,0.791059565169324,-0.2,0,0,0.991059565169323,0,-1.03956949269754,1,12,0.558328723090492
-151.804125004813,-1973.45362506257,-7436.34996361789,-81.8448455941215,465.116279069767,0.0515402630794394,-1,-2,13,0,0,0,13,0,-16.5,0,-0.0769230769230769,0.246153846153847,0,-0.2,0,0,0.199999999999999,0,-0.21923076923077,1,-0.128463340002516,0.143073319994968,0.670023420032713,-0.2,0,0,0.870023420032712,0,-1.06964511004152,1,13,0.598793997739512
-150.492882185984,-1956.40746841779,-7584.84612026267,-93.2676268744889,465.116279069767,0.0490252071432138,-1,-2,13,1,0,0,12,0,-17,0,-0.0769230769230769,0.246153846153847,0,-0.123076923076923,0,0,0.123076923076923,0,-0.257692307692308,1,-0.125948284066291,0.148103431867419,0.637327692861779,-0.0740517159337093,0,0,0.711379408795488,0,-1.09112082912694,1,13,0.610751289653059
-136.272637134322,-1226.4537342089,-3709.58843355222,-29.1603060131335,465.116279069767,0.117521385691612,-1,-6,9,0,0,1,10,0,-7.5,0,-0.14,-0.439999999999999,0.26,-0.2,0,0.14,0.6,0,0,1,-0.257521385691612,-1.14512831414967,1.31769247122451,-0.2,0,0.257521385691612,1.77521385691612,0,-0.881410392687091,1,9,0.431463627040937
-137.178448105068,-1371.78448105068,-4517.08843355222,-9.07506797159407,465.116279069767,0.100959106248789,-1,-4,10,0,0,0,10,0,-9.5,0,-0.110526315789474,-0.0421052631578944,0.105263157894737,-0.2,0,0,0.305263157894736,0,0,1,-0.211485422038262,-0.445941688153049,1.11485422038262,-0.2,0,0,1.31485422038262,0,-0.959111509363493,1,10,0.472845830394436
-143.634250723466,-1579.97675795812,-5552.99227690745,-14.6354050346809,465.116279069767,0.0811239871354489,-1,-3,11,0,0,0,11,0,-12,0,-0.0909090909090909,0.127272727272727,0,-0.2,0,0,0.2,0,-0.040909090909091,1,-0.17203307804454,-0.116099234133619,0.892363858489938,-0.2,0,0,1.09236385848994,0,-1.01439693653448,1,11,0.528439599770193
-131.478448105068,-1314.78448105068,-4625.63074684178,4.49084626579109,484.913406118152,0.105802706521287,-1,-5,10,2,0,0,8,0,-10,0,-0.105,-0.125,0.0499999999999998,0.00999999999999996,0,0,0.0399999999999998,0,0,1,-0.210802706521287,-0.654013532606435,1.10802706521287,0.221605413042574,0,0,0.886421652170297,0,-1.05802706521287,1,10,0.474377211043549
-149.014086238797,-1788.16903486557,-6588.89612026267,-58.892602004378,465.116279069767,0.0616527669659474,-1,-2,12,0,0,0,12,0,-14.5,0,-0.0833333333333333,0.233333333333334,0,-0.2,0,0,0.199999999999999,0,-0.158333333333333,1,-0.144986100299281,0.110027799401439,0.739833203591369,-0.2,0,0,0.939833203591368,0,-1.05229845433957,1,12,0.574767740916656
-139.469216776112,-1394.69216776112,-4705.53843355222,-3.89946083880546,465.116279069767,0.0980157371454701,-1,-3,10,0,0,0,10,0,-10,0,-0.105,0.0850000000000001,0.0499999999999998,-0.2,0,0,0.249999999999999,0,0,1,-0.20301573714547,-0.20904721143641,1.0301573714547,-0.2,0,0,1.2301573714547,0,-0.980157371454701,1,10,0.492572651785834
-145.716767697142,-1602.88444466857,-5741.44227690745,-31.7672232164991,465.116279069768,0.0754773861606576,-1,-2,11,0,0,0,11,0,-12.5,0,-0.0909090909090909,0.218181818181819,0,-0.2,0,0,0.199999999999999,0,-0.0863636363636366,1,-0.166386477069748,0.0672270458605035,0.830251247767233,-0.2,0,0,1.03025124776723,0,-1.02983096337186,1,11,0.546373073762372
-150.923060131334,-1811.07672157601,-6777.34612026267,-74.5967686710447,465.116279069767,0.0576213024197128,-1,-1,12,0,0,0,12,0,-15,0,-0.0833333333333333,0.316666666666667,0,-0.2,0,0,0.199999999999999,0,-0.2,1,-0.140954635753046,0.259045364246954,0.691455629036554,-0.2,0,0,0.891455629036553,0,-1.06431953629569,1,12,0.591206758742821
-137.560242883575,-1650.7229146029,-5458.19612026267,-8.1749623832832,465.116279069768,0.0837165441875867,-1,-7,12,0,0,0,12,0,-11.5,0,-0.0913043478260869,-0.239130434782608,0.0956521739130434,-0.2,0,0,0.295652173913043,0,0,1,-0.175020892013674,-0.825146244095716,1.10025070416408,-0.2,0,0,1.30025070416408,0,-0.962740258157248,1,12,0.476133633959669
-151.686649688349,-2275.29974532524,-8565.90765032834,-80.8784353377112,465.116279069767,0.0448566409325377,-1,-4,15,0,0,0,15,0,-19,0,-0.0666666666666667,0.133333333333334,0,-0.2,0,0,0.199999999999999,0,-0.216666666666667,1,-0.111523307599204,-0.0460932303968172,0.672849613988066,-0.2,0,0,0.872849613988065,0,-1.06894284438488,1,15,0.597782365873286
-161.50108250916,-1130.50757756412,-3696.41343355222,-37.876987251854,465.116279069767,0.115582117503382,-1,-6.5,7,1,1,2,10,0,-7.75,0,-0.142857142857143,-0.528571428571428,0,-0.0571428571428572,0.142857142857143,0.285714285714286,0.628571428571428,0,-0.0571428571428572,1,-0.258439260360525,-1.27985519234341,0.809074822523675,0.058439260360525,0.258439260360525,0.51687852072105,1.78439260360525,0,-0.952904267794069,1,7,0.552768734355051
-143.540645347541,-1004.78451743278,-3239.60574684178,-13.7565970467655,465.116279069767,0.139325497389003,-1,-4.5,7,1,1,0,8,0,-6.75,0,-0.155555555555556,-0.299999999999999,0.0888888888888888,-0.0444444444444445,0.155555555555556,0,0.444444444444444,0,0,1,-0.294881052944558,-0.926964738250511,1.06416737061191,0.0948810529445581,0.294881052944558,0,1.55904842355646,0,-0.940447107375767,1,7,0.484456839225958
-151.622099292529,-1212.97679434023,-4275.509590197,-44.2566240904473,465.116279069767,0.0984349692360129,-1,-3.5,8,1,1,0,9,0,-9.25,0,-0.125,-0.0374999999999996,0,-0.075,0.125,0,0.324999999999999,0,-0.10625,1,-0.223434969236013,-0.382022392326045,0.787479753888103,0.0234349692360129,0.223434969236013,0,1.21091472312412,0,-1.01677346543312,1,8,0.559446896013682
-146.453831227853,-1318.08448105068,-4463.38843355222,-5.7499734882916,465.116279069768,0.102918738178448,-1,-2,9,0,0,1,10,0,-9.5,0,-0.111111111111111,0.177777777777778,0,-0.2,0,0.111111111111111,0.31111111111111,0,-0.00555555555555576,1,-0.214029849289559,-0.0280596985791181,0.926268643606035,-0.2,0,0.214029849289559,1.34029849289559,0,-0.983283568250815,1,9,0.519138388780481
-144.755606016984,-1881.82287822079,-6682.54996361789,-23.860230209506,465.116279069767,0.0660310886207528,-1,-5,13,0,0,0,13,0,-14.5,0,-0.0769230769230769,0.0153846153846158,0,-0.2,0,0,0.199999999999999,0,-0.0653846153846156,1,-0.14295416554383,-0.314770827719148,0.858404152069786,-0.2,0,0,1.05840415206979,0,-1.02283540038553,1,13,0.538096085765982
-152.627675795812,-1526.27675795812,-5499.29227690745,-59.7471530065668,465.116279069767,0.0737129626234672,-1,-1,10,0,0,1,11,0,-12,0,-0.1,0.300000000000001,0,-0.2,0,0.1,0.299999999999999,0,-0.15,1,-0.173712962623467,0.226287037376533,0.737129626234672,-0.2,0,0.173712962623467,1.11084258885814,0,-1.03455555148161,1,10,0.575662279255209
-149.286796794874,-2090.01515512824,-7718.45380697311,-61.1360543853303,465.116279069767,0.052339527421861,-1,-4,14,0,0,0,14,0,-17,0,-0.0714285714285714,0.114285714285715,0,-0.2,0,0,0.199999999999999,0,-0.164285714285714,1,-0.123768098850432,-0.0950723954017294,0.732753383906055,-0.2,0,0,0.932753383906054,0,-1.05405768045735,1,14,0.57711617203468
-146.813172020461,-1027.69220414323,-3428.05574684178,-6.29496451359696,465.116279069767,0.133843014361384,-1,-3.5,7,1,1,0,8,0,-7.25,0,-0.144827586206897,-0.106896551724138,0.0137931034482758,-0.0551724137931035,0.144827586206897,0,0.358620689655172,0,0,1,-0.278670600568281,-0.575347101988983,0.950694203977966,0.0786706005682809,0.278670600568281,0,1.42936480454625,0,-0.970361854120037,1,7,0.512638012642239
-154.485560131335,-1235.88448105068,-4463.959590197,-67.8128740904473,465.116279069767,0.0890024645052368,-1,-2.5,8,1,1,0,9,0,-9.75,0,-0.125,0.0875000000000004,0,-0.075,0.125,0,0.324999999999999,0,-0.16875,1,-0.214002464505237,-0.135006161263092,0.712019716041895,0.0140024645052368,0.214002464505237,0,1.12602218054713,0,-1.03652402892606,1,8,0.584105422752929
-160.452973106458,-1444.07675795812,-5499.86343355222,-120.91386237718,465.116279069768,0.0625838115529853,-1,-1.5,9,1,1,0,10,0,-12.25,0,-0.111111111111111,0.233333333333333,0,-0.0888888888888889,0.111111111111111,0,0.311111111111111,0,-0.311111111111111,1,-0.173694922664096,0.139457616003855,0.563254303976868,-0.0263050773359036,0.173694922664096,0,0.936949226640964,0,-1.07776280263518,1,9,0.639691186172354
-150.923060131334,-2112.92284183868,-7906.90380697311,-74.5967686710446,465.116279069768,0.0493896877883253,-1,-3,14,0,0,0,14,0,-17.5,0,-0.0714285714285714,0.185714285714286,0,-0.2,0,0,0.199999999999999,0,-0.2,1,-0.120818259216897,0.0375452223493105,0.691455629036554,-0.2,0,0,0.891455629036554,0,-1.06431953629569,1,14,0.591206758742821
-137.386699802435,-1511.25369782679,-4987.64227690745,-8.58215300656669,465.116279069768,0.0915330532377859,-1,-5,11,0,0,0,11,0,-10.5,0,-0.1,-0.0999999999999996,0.0999999999999998,-0.2,0,0,0.299999999999999,0,0,1,-0.191533053237786,-0.557665266188929,1.10686358561564,-0.2,0,0,1.30686358561564,0,-0.961097058996752,1,11,0.474639177793654
-157.34902097014,-1258.79216776112,-4652.409590197,-91.3691240904473,465.116279069767,0.0803341038086662,-1,-1.5,8,1,1,0,9,0,-10.25,0,-0.125,0.2125,0,-0.075,0.125,0,0.324999999999999,0,-0.23125,1,-0.205334103808666,0.091998844287001,0.64267283046933,0.00533410380866621,0.205334103808666,0,1.048006934278,0,-1.05467456403883,1,8,0.608763949492175
-148.279865510899,-1927.63825164168,-7059.44996361789,-52.8525379018137,465.116279069767,0.0583988474020819,-1,-3,13,0,0,0,13,0,-15.5,0,-0.0769230769230769,0.16923076923077,0,-0.2,0,0,0.199999999999999,0,-0.142307692307692,1,-0.135321924325159,-0.00596577297547612,0.759185016227064,-0.2,0,0,0.959185016227064,0,-1.04748982703996,1,13,0.568445041752747
-152.559323467795,-2135.83052854913,-8095.35380697311,-88.0574829567588,465.116279069767,0.0465771855194545,-1,-2,14,0,0,0,14,0,-18,0,-0.0714285714285714,0.257142857142858,0,-0.2,0,0,0.199999999999999,0,-0.235714285714286,1,-0.118005756948026,0.163988486103949,0.652080597272362,-0.2,0,0,0.852080597272362,0,-1.07410362506447,1,14,0.605297345450962
-159.513442647751,-2552.21508236402,-10167.1614936836,-145.265518671045,465.116279069767,0.0314591993642899,-1,0,16,0,0,0,16,0,-23,0,-0.0625,0.4,0,-0.2,0,0,0.199999999999999,0,-0.3875,1,-0.0939591993642899,0.4,0.503347189828639,-0.2,0,0,0.703347189828638,0,-1.11106158537867,1,16,0.665182338960561
-139.469216776112,-1534.16138453723,-5176.09227690745,-3.89946083880557,465.116279069767,0.089105215586791,-1,-4,11,0,0,0,11,0,-11,0,-0.0954545454545454,0.0181818181818185,0.0499999999999998,-0.2,0,0,0.249999999999999,0,0,1,-0.184559761041336,-0.338239044165346,1.0301573714547,-0.2,0,0,1.2301573714547,0,-0.980157371454701,1,11,0.492572651785834
-145.196138453723,-1742.35366144468,-6211.99612026267,-27.4842686710446,465.116279069767,0.0704494983458261,-1,-3,12,0,0,0,12,0,-13.5,0,-0.0833333333333333,0.15,0,-0.2,0,0,0.199999999999999,0,-0.0750000000000002,1,-0.153782831679159,-0.0613484950374778,0.845393980149913,-0.2,0,0,1.04539398014991,0,-1.02606822766865,1,12,0.541889705264327
-134.287398594294,-1477.16138453723,-5284.634590197,7.67195992706039,498.936801171157,0.095864482671702,-1,-5,11,2,0,0,9,0,-11.5,0,-0.0913043478260869,-0.0565217391304344,0.00434782608695639,-0.0173913043478261,0,0,0.021739130434782,0,0,1,-0.187168830497789,-0.535844152488944,1.05885713547568,0.174337660995578,0,0,0.8845194744801,0,-1.10244155072457,1,11,0.485706357555965
-150.041995257856,-1950.54593835213,-7247.89996361789,-67.3486917479676,465.116279069767,0.0548803914676616,-1,-2,13,0,0,0,13,0,-16,0,-0.0769230769230769,0.246153846153847,0,-0.2,0,0,0.199999999999999,0,-0.180769230769231,1,-0.131803468390738,0.136393063218524,0.7134450890796,-0.2,0,0,0.9134450890796,0,-1.05885549425182,1,13,0.583619519746129
-136.369915567971,-1500.06907124768,-5473.084590197,-7.37106987918588,465.116279069768,0.0836356905592985,-1,-4,11,2,0,0,9,0,-12,0,-0.0909090909090909,0.0363636363636366,0,-0.0181818181818182,0,0,0.0181818181818176,0,-0.040909090909091,1,-0.174544781468389,-0.298179125873558,0.919992596152284,0.149089562936779,0,0,0.770903033215504,0,-1.04453737762067,1,11,0.52083534176331
-142.741743449033,-1998.38440828646,-6964.65380697311,-7.29319724247306,465.116279069767,0.0657352245374946,-1,-7,14,0,0,0,14,0,-15,0,-0.0714285714285714,-0.0999999999999996,0,-0.2,0,0,0.199999999999999,0,-0.0214285714285716,1,-0.137163795966066,-0.560146571762462,0.920293143524925,-0.2,0,0,1.12029314352492,0,-1.00745693949099,1,14,0.520753825202116
-149.014086238797,-1788.16903486557,-6588.89612026267,-58.8926020043779,465.116279069767,0.0616527669659474,-1,-1,12,0,0,0,12,0,-14.5,0,-0.0833333333333333,0.316666666666667,0,-0.2,0,0,0.199999999999999,0,-0.158333333333333,1,-0.144986100299281,0.255013899700719,0.739833203591369,-0.2,0,0,0.939833203591368,0,-1.05229845433957,1,12,0.574767740916656
-149.140221401599,-1938.82287822079,-6574.00765032834,-15.5108214949249,465.116279069767,0.0683913803404818,-1,-9,13,0,0,2,15,0,-14,0,-0.0769230769230769,-0.292307692307692,0,-0.2,0,0.153846153846154,0.353846153846153,0,-0.0269230769230773,1,-0.145314457263559,-0.907830115372028,0.889087944426264,-0.2,0,0.290628914527117,1.37971685895338,0,-0.984402401689823,1,13,0.529355979932269
-153.358225366303,-2147.01515512824,-7609.91149368356,-53.3830320075048,465.116279069767,0.0541048667128406,-1,-8,14,0,0,2,16,0,-16.5,0,-0.0714285714285714,-0.171428571428571,0,-0.2,0,0.142857142857143,0.342857142857142,0,-0.128571428571429,1,-0.125533438141412,-0.604267505131296,0.757468133979769,-0.2,0,0.251066876282824,1.20853501026259,0,-1.0213017293333,1,14,0.569000359474803
-139.469216776112,-1394.69216776112,-4705.53843355222,-3.89946083880548,465.116279069767,0.0980157371454701,-1,-2,10,0,0,0,10,0,-10,0,-0.105,0.19,0.0499999999999998,-0.2,0,0,0.249999999999999,0,0,1,-0.20301573714547,-0.00603147429094,1.0301573714547,-0.2,0,0,1.2301573714547,0,-0.980157371454701,1,10,0.492572651785834
-156.063828802379,-1560.63828802379,-5781.96727690745,-88.0146530065667,465.116279069767,0.0652202975221434,-1,-3.5,10,1,1,0,11,0,-12.75,0,-0.1,0.0500000000000003,0,-0.1,0.1,0,0.299999999999999,0,-0.225,1,-0.165220297522143,-0.178271041327502,0.652202975221434,-0.0347797024778566,0.165220297522143,0,1.01742327274358,0,-1.05655879340733,1,10,0.605252511342304
-145.716767697142,-1602.88444466857,-5741.44227690745,-31.7672232164991,465.116279069768,0.0754773861606576,-1,-1,11,0,0,0,11,0,-12.5,0,-0.0909090909090909,0.30909090909091,0,-0.2,0,0,0.199999999999999,0,-0.0863636363636366,1,-0.166386477069748,0.233613522930252,0.830251247767233,-0.2,0,0,1.03025124776723,0,-1.02983096337186,1,11,0.546373073762372
-148.63229146029,-2229.48437190435,-8189.00765032834,-55.7517686710444,465.116279069767,0.0499895137333655,-1,-5,15,0,0,0,15,0,-18,0,-0.0666666666666667,0.0666666666666669,0,-0.2,0,0,0.199999999999999,0,-0.15,1,-0.116656180400032,-0.18328090200016,0.749842706000482,-0.2,0,0,0.949842706000481,0,-1.04981124720058,1,15,0.571479937351423
-150.902351148557,-1961.73056493124,-6762.45765032834,-30.0069753410787,465.116279069767,0.0643418896246342,-1,-8,13,0,0,2,15,0,-14.5,0,-0.0769230769230769,-0.215384615384615,0,-0.2,0,0.153846153846154,0.353846153846153,0,-0.0653846153846156,1,-0.141264966547711,-0.730119732381688,0.836444565120244,-0.2,0,0.282529933095422,1.31897449821567,0,-0.998342014941811,1,13,0.544530457925651
-134.378619729347,-1209.40757756412,-3858.084590197,-16.1915277791785,465.116279069768,0.116359488962803,-1,-2,9,0,0,0,9,0,-8,0,-0.13125,0.1375,0.18125,-0.2,0,0,0.381249999999999,0,0,1,-0.247609488962803,-0.095218977925606,1.22848540066523,-0.2,0,0,1.42848540066523,0,-0.930875911702425,1,9,0.448735270916062
-141.231346523069,-1836.0075047999,-6305.64996361789,-0.257366930546812,465.116279069767,0.0737210144586754,-1,-6,13,0,0,0,13,0,-13.5,0,-0.0777777777777778,-0.0666666666666663,0.0111111111111109,-0.2,0,0,0.21111111111111,0,0,1,-0.151498792236453,-0.508992753418719,0.969484299073891,-0.2,0,0,1.16948429907389,0,-0.995233695192118,1,13,0.507747129779216
-146.014270121954,-2044.19978170735,-7341.55380697311,-34.2146258139016,465.116279069767,0.0586935224593177,-1,-5,14,0,0,0,14,0,-16,0,-0.0714285714285714,0.0428571428571431,0,-0.2,0,0,0.199999999999999,0,-0.092857142857143,1,-0.130122093887889,-0.250610469439445,0.821709314430448,-0.2,0,0,1.02170931443045,0,-1.03195350220623,1,14,0.548934998618398
-162.885295603789,-1791.73825164168,-7006.32112026267,-146.756208976065,465.116279069767,0.0454389778357415,-1,-1.5,11,1,1,0,12,0,-15.75,0,-0.0909090909090909,0.263636363636364,0,-0.109090909090909,0.0909090909090909,0,0.29090909090909,0,-0.381818181818182,1,-0.136348068744832,0.195477896882752,0.499828756193156,-0.0636519312551676,0.136348068744832,0,0.836176824937988,0,-1.09748208273111,1,11,0.66674278371498
-148.037164561186,-1776.44597473423,-5915.00380697311,-6.67824510156362,465.116279069767,0.0775042669334815,-1,-8,12,0,0,2,14,0,-12.5,0,-0.084,-0.272,0.00799999999999997,-0.2,0,0.168,0.376,0,0,1,-0.161504266933482,-0.892034135467852,0.938051203201778,-0.2,0,0.323008533866963,1.46105973706874,0,-0.968803336668519,1,12,0.515982239451641
-137.560242883575,-1650.7229146029,-5458.19612026267,-8.17496238328315,465.116279069767,0.0837165441875868,-1,-6,12,0,0,0,12,0,-11.5,0,-0.0913043478260869,-0.147826086956521,0.0956521739130434,-0.2,0,0,0.295652173913043,0,0,1,-0.175020892013674,-0.650125352082042,1.10025070416408,-0.2,0,0,1.30025070416408,0,-0.962740258157248,1,12,0.476133633959669
-136.923918252729,-1232.31526427456,-4046.534590197,-9.68396292839289,465.116279069768,0.112548726815456,-1,-1,9,0,0,0,9,0,-8.5,0,-0.123529411764706,0.276470588235294,0.111764705882353,-0.2,0,0,0.311764705882352,0,0,1,-0.236078138580162,0.163921861419839,1.12470324722145,-0.2,0,0,1.32470324722145,0,-0.956664177931374,1,9,0.470653961350948
-142.993476270027,-1858.91519151035,-6494.09996361789,-9.36407636335222,465.116279069767,0.0701794252105281,-1,-5,13,0,0,0,13,0,-14,0,-0.0769230769230769,0.0153846153846158,0,-0.2,0,0,0.199999999999999,0,-0.0269230769230773,1,-0.147102502133605,-0.335512510668025,0.912332527736866,-0.2,0,0,1.11233252773686,0,-1.00943502987047,1,13,0.522921607772599
-147.650533458414,-2067.10746841779,-7530.00380697311,-47.6753400996159,465.116279069767,0.0554370156604148,-1,-4,14,0,0,0,14,0,-16.5,0,-0.0714285714285714,0.114285714285715,0,-0.2,0,0,0.199999999999998,0,-0.128571428571429,1,-0.126865587088986,-0.107462348355944,0.776118219245807,-0.2,0,0,0.976118219245806,0,-1.04328218696827,1,14,0.563025585326539
-151.686649688349,-2275.29974532524,-8565.90765032834,-80.8784353377111,465.116279069767,0.0448566409325378,-1,-3,15,0,0,0,15,0,-19,0,-0.0666666666666667,0.2,0,-0.2,0,0,0.199999999999999,0,-0.216666666666667,1,-0.111523307599204,0.0654300772023869,0.672849613988066,-0.2,0,0,0.872849613988066,0,-1.06894284438488,1,15,0.597782365873286
-151.622099292529,-1212.97679434023,-4275.509590197,-44.2566240904473,465.116279069767,0.0984349692360129,-1,-2.5,8,1,1,0,9,0,-9.25,0,-0.125,0.0875000000000004,0,-0.075,0.125,0,0.324999999999999,0,-0.10625,1,-0.223434969236013,-0.158587423090032,0.787479753888103,0.0234349692360129,0.223434969236013,0,1.21091472312412,0,-1.01677346543312,1,8,0.559446896013682
-144.755606016984,-1881.82287822079,-6682.54996361789,-23.860230209506,465.116279069767,0.0660310886207528,-1,-4,13,0,0,0,13,0,-14.5,0,-0.0769230769230769,0.0923076923076924,0,-0.2,0,0,0.199999999999999,0,-0.0653846153846156,1,-0.14295416554383,-0.171816662175319,0.858404152069787,-0.2,0,0,1.05840415206979,0,-1.02283540038553,1,13,0.538096085765982
-149.286796794874,-2090.01515512824,-7718.45380697311,-61.1360543853302,465.116279069767,0.0523395274218611,-1,-3,14,0,0,0,14,0,-17,0,-0.0714285714285714,0.185714285714286,0,-0.2,0,0,0.199999999999999,0,-0.164285714285714,1,-0.123768098850432,0.0286957034487027,0.732753383906055,-0.2,0,0,0.932753383906054,0,-1.05405768045735,1,14,0.57711617203468
-135.304182828758,-1488.34601111634,-4799.19227690745,-13.7331143911039,465.116279069768,0.0940539863031974,-1,-5,11,0,0,0,11,0,-10,0,-0.105,-0.125,0.155,-0.2,0,0,0.354999999999999,0,0,1,-0.199053986303197,-0.595269931515986,1.18959384933517,-0.2,0,0,1.38959384933517,0,-0.940539863031974,1,11,0.456705703801475
-154.485560131335,-1235.88448105068,-4463.959590197,-67.8128740904473,465.116279069767,0.0890024645052368,-1,-1.5,8,1,1,0,9,0,-9.75,0,-0.125,0.2125,0,-0.075,0.125,0,0.324999999999999,0,-0.16875,1,-0.214002464505237,0.0789963032421451,0.712019716041895,0.0140024645052368,0.214002464505237,0,1.12602218054713,0,-1.03652402892606,1,8,0.584105422752929
-150.923060131334,-2112.92284183868,-7906.90380697311,-74.5967686710445,465.116279069767,0.0493896877883253,-1,-2,14,0,0,0,14,0,-17.5,0,-0.0714285714285714,0.257142857142858,0,-0.2,0,0,0.199999999999999,0,-0.2,1,-0.120818259216897,0.158363481566207,0.691455629036554,-0.2,0,0,0.891455629036554,0,-1.06431953629569,1,14,0.591206758742821
-154.741007916409,-2321.11511874613,-8942.80765032834,-106.005102004378,465.116279069767,0.0401564241463032,-1,-1,15,0,0,0,15,0,-20,0,-0.0666666666666667,0.333333333333333,0,-0.2,0,0,0.199999999999999,0,-0.283333333333333,1,-0.10682309081297,0.29317690918703,0.602346362194548,-0.2,0,0,0.802346362194547,0,-1.0864618162594,1,15,0.624084794395149
-150.878190668649,-905.269144011895,-2809.00574684178,-22.76680082606,465.116279069767,0.157475462177694,-1,-3.5,6,1,1,1,8,0,-5.75,0,-0.182608695652174,-0.239130434782608,0.0956521739130434,-0.0173913043478261,0.182608695652174,0.182608695652174,0.66086956521739,0,0,1,-0.340084157829868,-0.790294552404537,1.04050494697921,0.140084157829868,0.340084157829868,0.340084157829868,1.92067326263894,0,-0.90548390752174,1,6,0.490074773638954
-137.386699802435,-1511.25369782679,-4987.64227690745,-8.5821530065667,465.116279069768,0.0915330532377859,-1,-4,11,0,0,0,11,0,-10.5,0,-0.1,3.33066907387547e-16,0.0999999999999998,-0.2,0,0,0.299999999999999,0,0,1,-0.191533053237786,-0.366132212951143,1.10686358561564,-0.2,0,0,1.30686358561564,0,-0.961097058996752,1,11,0.474639177793654
-154.696138453723,-928.17683072234,-2997.45574684178,-13.3904907852411,465.116279069768,0.150703071683537,-1,-2.5,6,1,1,1,8,0,-6.25,0,-0.168,-0.0199999999999999,0.00799999999999997,-0.032,0.168,0.168,0.544,0,0,1,-0.318703071683537,-0.396757679208842,0.912218430101222,0.118703071683537,0.318703071683537,0.318703071683537,1.7496245734683,0,-0.941894198022106,1,6,0.522952809291283
-139.469216776112,-1952.56903486557,-6587.75380697311,-3.89946083880554,465.116279069767,0.0700112408181929,-1,-8,14,0,0,0,14,0,-14,0,-0.075,-0.199999999999999,0.0499999999999998,-0.2,0,0,0.249999999999999,0,0,1,-0.145011240818193,-0.760089926545543,1.0301573714547,-0.2,0,0,1.2301573714547,0,-0.980157371454701,1,14,0.492572651785834
-144.050754118201,-2160.76131177302,-7623.65765032834,-18.0617686710446,465.116279069767,0.0586404231280597,-1,-7,15,0,0,0,15,0,-16.5,0,-0.0666666666666667,-0.066666666666666,0,-0.2,0,0,0.199999999999999,0,-0.0500000000000003,1,-0.125307089794726,-0.477149628563084,0.879606346920895,-0.2,0,0,1.07960634692089,0,-1.01756698161298,1,15,0.532026294568629
-112.299990904473,-898.399927235783,-2553.82306013133,-46.1207679434023,465.116279069767,0.164065990971519,-1,-8,8,3,0,1,6,0,-5,0,-0.21,-1.28,0.68,0.43,0,0.21,0.459999999999999,0,0,1,-0.374065990971519,-2.59252792777215,1.99252792777215,0.922197972914558,0,0.374065990971519,1.44439594582911,0,-0.820329954857597,1,8,0.33416563659089
-150.085698693382,-2101.19978170735,-7233.01149368356,-26.4616034360763,465.116279069767,0.0606462019335597,-1,-9,14,0,0,2,16,0,-15.5,0,-0.0714285714285714,-0.242857142857142,0,-0.2,0,0.142857142857143,0.342857142857143,0,-0.0571428571428572,1,-0.132074773362131,-0.788672960259179,0.849046827069835,-0.2,0,0.264149546724262,1.3131963737941,0,-0.997158987113032,1,14,0.540819186058521
-156.637744682759,-1723.01519151035,-6440.97112026267,-95.3607544306102,465.116279069767,0.0574067974743657,-1,-3.5,11,1,1,0,12,0,-14.25,0,-0.0909090909090909,0.081818181818182,0,-0.109090909090909,0.0909090909090909,0,0.29090909090909,0,-0.245454545454546,1,-0.148315888383457,-0.119105609342098,0.631474772218023,-0.0516841116165434,0.148315888383457,0,0.979790660601478,0,-1.06350140946426,1,11,0.612942361738441
-160.933955701483,-1931.20746841779,-7476.87496361789,-132.890838950646,465.116279069768,0.0444337295642516,-1,-2.5,12,1,1,0,13,0,-16.75,0,-0.0833333333333333,0.191666666666667,0,-0.116666666666667,0.0833333333333333,0,0.283333333333332,0,-0.345833333333333,1,-0.127767062897585,0.0805823427560378,0.53320475477102,-0.072232937102415,0.127767062897585,0,0.860971817668604,0,-1.09009830353455,1,12,0.652228606054217
-151.721962029842,-2124.10746841779,-7421.46149368356,-39.9223177217906,465.116279069767,0.0572924836583551,-1,-8,14,0,0,2,16,0,-16,0,-0.0714285714285714,-0.171428571428571,0,-0.2,0,0.142857142857143,0.342857142857142,0,-0.092857142857143,1,-0.128721055086926,-0.629768440695411,0.802094771216971,-0.2,0,0.257442110173853,1.25953688139082,0,-1.00953688139082,1,14,0.554909772766662
-137.178448105068,-1371.78448105068,-4517.08843355222,-9.07506797159415,465.116279069767,0.100959106248789,-1,-2,10,0,0,0,10,0,-9.5,0,-0.110526315789474,0.178947368421053,0.105263157894737,-0.2,0,0,0.305263157894736,0,0,1,-0.211485422038262,-0.0229708440765242,1.11485422038262,-0.2,0,0,1.31485422038262,0,-0.959111509363492,1,10,0.472845830394437
-142.741743449033,-1998.38440828646,-6964.65380697311,-7.29319724247306,465.116279069767,0.0657352245374946,-1,-6,14,0,0,0,14,0,-15,0,-0.0714285714285714,-0.028571428571428,0,-0.2,0,0,0.199999999999999,0,-0.0214285714285716,1,-0.137163795966066,-0.422982775796396,0.920293143524925,-0.2,0,0,1.12029314352492,0,-1.00745693949099,1,14,0.520753825202116
-158.720261656436,-1745.92287822079,-6629.42112026267,-112.492572612428,465.116279069767,0.0531907236032348,-1,-2.5,11,1,1,0,12,0,-14.75,0,-0.0909090909090909,0.172727272727273,0,-0.109090909090909,0.0909090909090909,0,0.29090909090909,0,-0.290909090909091,1,-0.144099814512326,0.0397504637191862,0.585097959635583,-0.0559001854876743,0.144099814512326,0,0.929197774147908,0,-1.0754722640568,1,11,0.630875835730621
-149.140221401599,-1938.82287822079,-6574.00765032834,-15.5108214949249,465.116279069767,0.0683913803404818,-1,-8,13,0,0,2,15,0,-14,0,-0.0769230769230769,-0.215384615384615,0,-0.2,0,0.153846153846154,0.353846153846153,0,-0.0269230769230773,1,-0.145314457263559,-0.762515658108469,0.889087944426264,-0.2,0,0.290628914527118,1.37971685895338,0,-0.984402401689823,1,13,0.529355979932269
-150.271779012927,-1352.44601111634,-4746.06343355222,-37.1583068216248,465.116279069768,0.0901711446211823,-1,-3.5,9,1,1,0,10,0,-10.25,0,-0.111111111111111,0.0111111111111115,0,-0.0888888888888889,0.111111111111111,0,0.31111111111111,0,-0.088888888888889,1,-0.201282255732293,-0.304487895063027,0.811540301590641,0.00128225573229342,0.201282255732293,0,1.21282255732293,0,-1.01314312125601,1,9,0.55201642443281
-156.063828802379,-1560.63828802379,-5781.96727690745,-88.0146530065667,465.116279069767,0.0652202975221434,-1,-2.5,10,1,1,0,11,0,-12.75,0,-0.1,0.15,0,-0.1,0.1,0,0.299999999999999,0,-0.225,1,-0.165220297522143,-0.0130507438053581,0.652202975221434,-0.0347797024778566,0.165220297522143,0,1.01742327274358,0,-1.05655879340733,1,10,0.605252511342304
-151.431452248567,-1665.74597473423,-5969.84612026267,-52.5312089760648,465.116279069768,0.0691115083675807,-1,-1,11,0,0,1,12,0,-13,0,-0.0909090909090909,0.30909090909091,0,-0.2,0,0.0909090909090909,0.29090909090909,0,-0.131818181818182,1,-0.160020599276672,0.239979400723329,0.760226592043388,-0.2,0,0.160020599276672,1.12024719132006,0,-1.03026779059673,1,11,0.568108676757993
-160.802778630112,-1768.83056493124,-6817.87112026267,-129.624390794247,465.116279069767,0.0492077192950217,-1,-1.5,11,1,1,0,12,0,-15.25,0,-0.0909090909090909,0.263636363636364,0,-0.109090909090909,0.0909090909090909,0,0.29090909090909,0,-0.336363636363637,1,-0.140116810204113,0.189824784693831,0.541284912245239,-0.0598831897958874,0.140116810204113,0,0.881401722449351,0,-1.08678135561272,1,11,0.6488093097228
-135.651268991038,-1627.81522789246,-5269.74612026267,-12.8391458863496,465.116279069768,0.0858252224797642,-1,-6,12,0,0,0,12,0,-11,0,-0.0954545454545454,-0.172727272727272,0.145454545454545,-0.2,0,0,0.345454545454544,0,0,1,-0.18127976793431,-0.687678607605857,1.17535721521172,-0.2,0,0,1.37535721521171,0,-0.944077447277406,1,12,0.459694616133505
-154.994488702763,-2169.92284183868,-7798.36149368356,-66.8437462932192,465.116279069767,0.0510713094153352,-1,-6,14,0,0,2,16,0,-17,0,-0.0714285714285714,-0.028571428571428,0,-0.2,0,0.142857142857143,0.342857142857143,0,-0.164285714285714,1,-0.122499880843907,-0.334999285063439,0.714998331814692,-0.2,0,0.244999761687813,1.1599980935025,0,-1.03249797434641,1,14,0.583090946182944
-158.354597473423,-1583.54597473423,-5970.41727690745,-106.859653006567,465.116279069767,0.060005290995133,-1,-1.5,10,1,1,0,11,0,-13.25,0,-0.1,0.25,0,-0.1,0.1,0,0.299999999999999,0,-0.275,1,-0.160005290995133,0.159992063507301,0.60005290995133,-0.039994709004867,0.160005290995133,0,0.960058200946462,0,-1.07007010568551,1,10,0.624979332733702
-152.664480895514,-1984.63825164168,-6950.90765032833,-44.5031291872326,465.116279069767,0.0605119749882832,-1,-6,13,0,0,2,15,0,-15,0,-0.0769230769230769,-0.0615384615384609,0,-0.2,0,0.153846153846154,0.353846153846153,0,-0.103846153846154,1,-0.13743505191136,-0.42461031146816,0.786655674847682,-0.2,0,0.27487010382272,1.2615257786704,0,-1.0115257786704,1,13,0.559704935919034
-155.362376059693,-1398.26138453723,-5122.96343355222,-79.0360845994026,465.116279069767,0.0753626684004379,-1,-1.5,9,1,1,0,10,0,-11.25,0,-0.111111111111111,0.233333333333334,0,-0.0888888888888889,0.111111111111111,0,0.31111111111111,0,-0.2,1,-0.186473779511549,0.120289330732677,0.678264015603941,-0.013526220488451,0.186473779511549,0,1.06473779511549,0,-1.04783001950493,1,9,0.595853805302582
-154.426610642471,-2007.54593835213,-7139.35765032834,-58.9992830333864,465.116279069767,0.0568842486855528,-1,-5,13,0,0,2,15,0,-15.5,0,-0.0769230769230769,0.0153846153846158,0,-0.2,0,0.153846153846154,0.353846153846153,0,-0.142307692307692,1,-0.13380732560863,-0.269036628043148,0.739495232912186,-0.2,0,0.267614651217259,1.20710988412945,0,-1.02401354693376,1,13,0.574879413912416
-154.530753456708,-1699.83828802379,-5672.85380697311,-25.5319077679233,465.116279069767,0.0774891062345911,-1,-6,11,0,0,3,14,0,-12,0,-0.0909090909090909,-0.145454545454546,0,-0.2,0,0.272727272727273,0.472727272727273,0,-0.040909090909091,1,-0.168398197143682,-0.610389182862092,0.852380168580502,-0.2,0,0.505194591431046,1.55757476001155,0,-0.970778365724184,1,11,0.539845986780516
-146.900754118201,-1469.00754118201,-5028.16727690745,-12.6346530065667,465.116279069767,0.0899893740889022,-1,-5.5,10,1,1,0,11,0,-10.75,0,-0.1,-0.15,0,-0.1,0.1,0,0.3,0,-0.0250000000000001,1,-0.189989374088902,-0.644941557488962,0.899893740889022,-0.0100106259110978,0.189989374088902,0,1.28988311497792,0,-0.992385771455699,1,10,0.526345225776715
-137.386699802435,-1511.25369782679,-4987.64227690745,-8.5821530065667,465.116279069767,0.0915330532377859,-1,-3,11,0,0,0,11,0,-10.5,0,-0.1,0.100000000000001,0.0999999999999998,-0.2,0,0,0.299999999999999,0,0,1,-0.191533053237786,-0.174599159713357,1.10686358561564,-0.2,0,0,1.30686358561564,0,-0.961097058996752,1,11,0.474639177793654
-142.523575004171,-2137.85362506257,-7435.20765032834,-5.49843533771115,465.116279069767,0.0618164098902819,-1,-7,15,0,0,0,15,0,-16,0,-0.0666666666666667,-0.0666666666666664,0,-0.2,0,0,0.199999999999999,0,-0.0166666666666668,1,-0.128483076556949,-0.49938153589864,0.927246148354229,-0.2,0,0,1.12724614835423,0,-1.00572922491118,1,15,0.518875080307697
-162.786372449129,-2116.22284183868,-7744.66149368356,-105.561117137634,465.116279069767,0.0464261946407059,-1,-4,13,0,0,3,16,0,-17,0,-0.0769230769230769,0.0923076923076924,0,-0.2,0,0.230769230769231,0.43076923076923,0,-0.257692307692308,1,-0.123349271563783,-0.0933970862551312,0.603540530329177,-0.2,0,0.370047814691349,1.17358834502052,0,-1.04693761658431,1,13,0.623620033972399
-146.627868873126,-2346.04590197002,-8471.11149368356,-39.2623936710446,465.116279069767,0.0502713115883622,-1,-6,16,0,0,0,16,0,-18.5,0,-0.0625,0.0250000000000004,0,-0.2,0,0,0.199999999999999,0,-0.10625,1,-0.112771311588362,-0.276627869530173,0.804340985413796,-0.2,0,0,1.0043409854138,0,-1.0362692643847,1,16,0.554218968633951
-135.837049198365,-1494.20754118201,-5136.13843355222,-0.0856848821706793,465.116279069767,0.0905408995890275,-1,-3,11,1,0,0,10,0,-11,0,-0.0954545454545454,0.113636363636364,0.0499999999999998,-0.104545454545455,0,0,0.154545454545454,0,0,1,-0.185995445043573,-0.157986335130719,1.0459498954793,-0.0140045549564271,0,0,1.05995445043573,0,-0.995949895479302,1,11,0.488770522782393
-148.449435356922,-2078.2920949969,-7044.56149368356,-13.0008891503619,465.116279069767,0.0641793517346382,-1,-9,14,0,0,2,16,0,-15,0,-0.0714285714285714,-0.242857142857142,0,-0.2,0,0.142857142857143,0.342857142857142,0,-0.0214285714285716,1,-0.13560792316321,-0.820471308468887,0.898510924284935,-0.2,0,0.271215846326419,1.36972677061135,0,-0.984118847448145,1,14,0.52672859935038
-139.469216776112,-1952.56903486557,-6587.75380697311,-3.89946083880557,465.116279069767,0.0700112408181929,-1,-7,14,0,0,0,14,0,-14,0,-0.075,-0.125,0.0499999999999998,-0.2,0,0,0.249999999999999,0,0,1,-0.145011240818193,-0.61507868572735,1.0301573714547,-0.2,0,0,1.2301573714547,0,-0.980157371454701,1,14,0.492572651785834
-154.555227709082,-1700.1075047999,-6252.52112026267,-78.228936248792,465.116279069768,0.0618770149479675,-1,-3.5,11,1,1,0,12,0,-13.75,0,-0.0909090909090909,0.081818181818182,0,-0.109090909090909,0.0909090909090909,0,0.29090909090909,0,-0.2,1,-0.152786105857058,-0.134751370499704,0.680647164427642,-0.0472138941429416,0.152786105857058,0,1.0334332702847,0,-1.05080895553455,1,11,0.595008887746262
-159.024981808946,-1908.29978170735,-7288.42496361789,-117.18667228398,465.116279069768,0.0477372832295826,-1,-2.5,12,1,1,0,13,0,-16.25,0,-0.0833333333333333,0.191666666666667,0,-0.116666666666667,0.0833333333333333,0,0.283333333333333,0,-0.304166666666667,1,-0.131070616562916,0.0723234585927103,0.572847398754991,-0.0689293834370841,0.131070616562916,0,0.903918015317907,0,-1.07989751914738,1,12,0.635789588228053
-135.944957282197,-1767.28444466857,-5740.29996361789,-12.0941721323875,465.116279069767,0.0789195877930842,-1,-7,13,0,0,0,13,0,-12,0,-0.0875,-0.212499999999999,0.1375,-0.2,0,0,0.337499999999999,0,0,1,-0.166419587793084,-0.764937114551588,1.16345464131009,-0.2,0,0,1.36345464131009,0,-0.94703505351701,1,13,0.462223695799069
-151.48229146029,-1514.8229146029,-5405.06727690745,-50.3246530065668,465.116279069768,0.0767412512764369,-1,-3.5,10,1,1,0,11,0,-11.75,0,-0.1,0.0500000000000003,0,-0.1,0.1,0,0.3,0,-0.125,1,-0.176741251276437,-0.218594379467529,0.767412512764369,-0.0232587487235631,0.176741251276437,0,1.14415376404081,0,-1.02670970249813,1,10,0.56579886855951
-156.637744682759,-1723.01519151035,-6440.97112026267,-95.3607544306101,465.116279069767,0.0574067974743657,-1,-2.5,11,1,1,0,12,0,-14.25,0,-0.0909090909090909,0.172727272727273,0,-0.109090909090909,0.0909090909090909,0,0.29090909090909,0,-0.245454545454546,1,-0.148315888383457,0.0292102790413586,0.631474772218023,-0.0516841116165434,0.148315888383457,0,0.979790660601478,0,-1.06350140946426,1,11,0.612942361738441
-160.933955701483,-1931.20746841779,-7476.87496361789,-132.890838950646,465.116279069767,0.0444337295642516,-1,-1.5,12,1,1,0,13,0,-16.75,0,-0.0833333333333333,0.275,0,-0.116666666666667,0.0833333333333333,0,0.283333333333332,0,-0.345833333333333,1,-0.127767062897585,0.208349405653623,0.533204754771019,-0.0722329371024151,0.127767062897585,0,0.860971817668603,0,-1.09009830353455,1,12,0.652228606054217
-151.721962029842,-2124.10746841779,-7421.46149368356,-39.9223177217905,465.116279069767,0.0572924836583551,-1,-7,14,0,0,2,16,0,-16,0,-0.0714285714285714,-0.0999999999999996,0,-0.2,0,0.142857142857143,0.342857142857142,0,-0.092857142857143,1,-0.128721055086927,-0.501047385608485,0.802094771216972,-0.2,0,0.257442110173853,1.25953688139082,0,-1.00953688139082,1,14,0.554909772766662
-153.773060131334,-1537.73060131334,-5593.51727690745,-69.1696530065667,465.116279069767,0.0707866993989357,-1,-2.5,10,1,1,0,11,0,-12.25,0,-0.1,0.15,0,-0.1,0.1,0,0.299999999999999,0,-0.175,1,-0.170786699398936,-0.0269667484973388,0.707866993989357,-0.0292133006010643,0.170786699398936,0,1.07865369338829,0,-1.04213706763696,1,10,0.585525689950907
-158.720261656436,-1745.92287822079,-6629.42112026267,-112.492572612428,465.116279069767,0.0531907236032348,-1,-1.5,11,1,1,0,12,0,-14.75,0,-0.0909090909090909,0.263636363636364,0,-0.109090909090909,0.0909090909090909,0,0.29090909090909,0,-0.290909090909091,1,-0.144099814512326,0.183850278231512,0.585097959635583,-0.0559001854876743,0.144099814512326,0,0.929197774147908,0,-1.0754722640568,1,11,0.630875835730621
-130.901268991038,-1570.81522789246,-5378.28843355222,-0.87904316189473,465.116279069768,0.0863169094858782,-1,-9,12,3,0,1,10,0,-11.5,0,-0.0913043478260869,-0.421739130434782,0.0956521739130434,0.0739130434782608,0,0.0913043478260869,0.113043478260868,0,0,1,-0.177621257311965,-1.19859131580769,1.13145508774358,0.332863771935895,0,0.177621257311965,0.97621257311965,0,-0.992644459087599,1,12,0.469163064120027
-154.917569623874,-1084.42298736712,-2739.84612026267,-85.1856105709824,465.116279069767,0.138668615616399,-1,-8,7,0,0,5,12,0,-5,0,-0.21,-1.28,0.47,-0.2,0,1.05,1.72,0,0,1,-0.348668615616399,-2.38934892493119,1.44068030931479,-0.2,0,1.74334307808199,3.38402338739678,0,-0.693343078081993,1,7,0.40972182886203
-123.021143001487,-984.169144011895,-2970.67690348656,-29.6863834259695,465.116279069767,0.146575985807394,-1,-4,8,2,0,1,7,0,-6,0,-0.175,-0.299999999999999,0.4,0.15,0,0.175,0.424999999999999,0,0,1,-0.321575985807394,-0.886303943229575,1.57260788645915,0.443151971614787,0,0.321575985807394,1.45103190065176,0,-0.879455914844363,1,8,0.388710617449115
-150.271779012927,-1352.44601111634,-4746.06343355222,-37.1583068216248,465.116279069768,0.0901711446211823,-1,-2.5,9,1,1,0,10,0,-10.25,0,-0.111111111111111,0.122222222222223,0,-0.0888888888888889,0.111111111111111,0,0.31111111111111,0,-0.088888888888889,1,-0.201282255732293,-0.103205639330733,0.811540301590641,0.0012822557322934,0.201282255732293,0,1.21282255732293,0,-1.01314312125601,1,9,0.55201642443281
-156.063828802379,-1560.63828802379,-5781.96727690745,-88.0146530065668,465.116279069767,0.0652202975221433,-1,-1.5,10,1,1,0,11,0,-12.75,0,-0.1,0.25,0,-0.1,0.1,0,0.299999999999999,0,-0.225,1,-0.165220297522143,0.152169553716785,0.652202975221433,-0.0347797024778567,0.165220297522143,0,1.01742327274358,0,-1.05655879340733,1,10,0.605252511342305
-140.900947195515,-2254.41515512824,-7717.31149368356,-0.919565822957605,465.116279069767,0.0601500553174177,-1,-9,16,0,0,0,16,0,-16.5,0,-0.0636363636363636,-0.172727272727272,0.018181818181818,-0.2,0,0,0.218181818181817,0,0,1,-0.123786418953781,-0.714077770584032,0.980582703260502,-0.2,0,0,1.1805827032605,0,-0.992475912737393,1,16,0.504901915155457
-154.994488702763,-2169.92284183868,-7798.36149368356,-66.8437462932191,465.116279069767,0.0510713094153352,-1,-5,14,0,0,2,16,0,-17,0,-0.0714285714285714,0.0428571428571431,0,-0.2,0,0.142857142857143,0.342857142857143,0,-0.164285714285714,1,-0.122499880843907,-0.212499404219533,0.714998331814693,-0.2,0,0.244999761687813,1.15999809350251,0,-1.03249797434641,1,14,0.583090946182944
-158.541007916409,-2378.11511874613,-8834.26533703878,-98.7689477850742,465.116279069768,0.0414689074086031,-1,-4,15,0,0,2,17,0,-19.5,0,-0.0666666666666667,0.133333333333334,0,-0.2,0,0.133333333333333,0.333333333333332,0,-0.25,1,-0.10813557407527,-0.0325422963010787,0.622033611129047,-0.2,0,0.21627114815054,1.03830475927959,0,-1.05864369446776,1,15,0.616510036005932
-146.225159814375,-1608.47675795812,-5498.72112026267,-9.70166352151929,465.116279069767,0.0828219154213977,-1,-6.5,11,1,1,0,12,0,-11.75,0,-0.0909090909090909,-0.190909090909091,0,-0.109090909090909,0.0909090909090909,0,0.290909090909091,0,-0.0181818181818183,1,-0.173731006330489,-0.729251541148176,0.911041069635375,-0.0262689936695114,0.173731006330489,0,1.28477207596586,0,-0.991339324383242,1,11,0.523274991777544
-153.602245816321,-2611.23817887746,-9398.47302374923,-62.669279654012,465.116279069767,0.0428204665160822,-1,-9,17,0,0,2,19,0,-20.5,0,-0.0588235294117647,-0.129411764705882,0,-0.2,0,0.117647058823529,0.317647058823529,0,-0.155882352941177,1,-0.101643995927847,-0.514795963350622,0.727947930773397,-0.2,0,0.203287991855694,1.13123592262909,0,-1.03370191652086,1,17,0.578721142107806
-160.068187030438,-2401.02280545658,-9022.71533703878,-111.332281118408,465.116279069768,0.0392103690226218,-1,-3,15,0,0,2,17,0,-20,0,-0.0666666666666667,0.2,0,-0.2,0,0.133333333333333,0.333333333333333,0,-0.283333333333333,1,-0.105877035689288,0.0823688929321348,0.588155535339327,-0.2,0,0.211754071378577,0.999909606717904,0,-1.06754071378577,1,15,0.629661250266863
-131.706580812787,-1843.89213137901,-5982.44996361789,-12.3437222597249,465.116279069767,0.0756834674027475,-1,-10,14,1,0,0,13,0,-12.5,0,-0.084,-0.44,0.176,-0.116,0,0,0.291999999999999,0,0,1,-0.159683467402747,-1.19683467402747,1.23556854363846,-0.0403165325972525,0,0,1.27588507623572,0,-0.946043342534344,1,14,0.447313504587279
-139.469216776112,-2092.03825164168,-7058.30765032834,-3.89946083880563,465.116279069767,0.0653438247636467,-1,-8,15,0,0,0,15,0,-15,0,-0.07,-0.159999999999999,0.0499999999999998,-0.2,0,0,0.249999999999999,0,0,1,-0.135343824763647,-0.682750598109173,1.0301573714547,-0.2,0,0,1.2301573714547,0,-0.980157371454701,1,15,0.492572651785834
-153.298060131334,-1839.57672157601,-6723.07496361789,-70.0741722839797,465.116279069768,0.0587591405604681,-1,-4.5,12,1,1,0,13,0,-14.75,0,-0.0833333333333333,0.0250000000000004,0,-0.116666666666667,0.0833333333333333,0,0.283333333333333,0,-0.179166666666667,1,-0.142092473893801,-0.239416132522106,0.705109686725617,-0.0579075261061986,0.142092473893801,0,1.04720216061942,0,-1.04586398993357,1,12,0.586472534749559
-149.377933232231,-2240.66899848346,-7703.56533703878,-23.3889477850742,465.116279069767,0.0573406354017491,-1,-9,15,0,0,2,17,0,-16.5,0,-0.0666666666666667,-0.199999999999999,0,-0.2,0,0.133333333333333,0.333333333333332,0,-0.0500000000000003,1,-0.124007302068416,-0.716065718615741,0.860109531026237,-0.2,0,0.248014604136832,1.30812413516307,0,-0.996120484128861,1,15,0.537602750440342
-150.390193761728,-1654.29213137901,-5875.62112026267,-43.9652998851557,465.116279069767,0.0716776951005623,-1,-4.5,11,1,1,0,12,0,-12.75,0,-0.0909090909090909,-0.00909090909090882,0,-0.109090909090909,0.0909090909090909,0,0.29090909090909,0,-0.109090909090909,1,-0.162586786009653,-0.331640537043439,0.788454646106185,-0.0374132139903468,0.162586786009653,0,1.15104143211584,0,-1.02298152162308,1,11,0.559141939761903
-155.207034023872,-1862.48440828646,-6911.52496361789,-85.7783389506465,465.116279069767,0.0548848397590904,-1,-3.5,12,1,1,0,13,0,-15.25,0,-0.0833333333333333,0.108333333333334,0,-0.116666666666667,0.0833333333333333,0,0.283333333333332,0,-0.220833333333333,1,-0.138218173092424,-0.0837636058234825,0.658618077109085,-0.0617818269075763,0.138218173092424,0,0.996836250201507,0,-1.05782713965946,1,12,0.602911552575724
-159.282821937993,-2070.67668519391,-7947.42880697311,-121.158602775292,465.116279069767,0.0432791138679575,-1,-2.5,13,1,1,0,14,0,-17.75,0,-0.0769230769230769,0.207692307692308,0,-0.123076923076923,0.0769230769230769,0,0.276923076923077,0,-0.315384615384616,1,-0.120202190791034,0.0994945230224141,0.562628480283447,-0.0797978092089656,0.120202190791034,0,0.882830671074482,0,-1.08358888654086,1,13,0.639947378802803
-146.900754118201,-1469.00754118201,-5028.16727690745,-12.6346530065667,465.116279069767,0.0899893740889022,-1,-4.5,10,1,1,0,11,0,-10.75,0,-0.1,-0.0499999999999998,0,-0.1,0.1,0,0.3,0,-0.0250000000000001,1,-0.189989374088902,-0.45495218340006,0.899893740889022,-0.0100106259110978,0.189989374088902,0,1.28988311497792,0,-0.992385771455699,1,10,0.526345225776715
-152.472710735405,-1677.19981808946,-6064.07112026267,-61.0971180669738,465.116279069768,0.0666250696916782,-1,-3.5,11,1,1,0,12,0,-13.25,0,-0.0909090909090909,0.081818181818182,0,-0.109090909090909,0.0909090909090909,0,0.29090909090909,0,-0.154545454545455,1,-0.157534160600769,-0.151369562102692,0.732875766608461,-0.0424658393992309,0.157534160600769,0,1.09040992720923,0,-1.03732762796019,1,11,0.577075413754082
-157.116007916409,-1885.3920949969,-7099.97496361789,-101.482505617313,465.116279069768,0.0512162050311174,-1,-2.5,12,1,1,0,13,0,-15.75,0,-0.0833333333333333,0.191666666666667,0,-0.116666666666667,0.0833333333333333,0,0.283333333333332,0,-0.2625,1,-0.134549538364451,0.0636261540888738,0.614594460373409,-0.0654504616355493,0.134549538364451,0,0.949143998737859,0,-1.0691552292401,1,12,0.619350570401888
-161.04495168495,-2093.58437190435,-8135.87880697311,-135.654756621446,465.116279069768,0.0404948906276659,-1,-1.5,13,1,1,0,14,0,-18.25,0,-0.0769230769230769,0.284615384615385,0,-0.123076923076923,0.0769230769230769,0,0.276923076923076,0,-0.353846153846154,1,-0.117417967550743,0.223873048673886,0.526433578159657,-0.0825820324492572,0.117417967550743,0,0.843851545710399,0,-1.09287790780106,1,13,0.655121856796186
-134.18282753524,-1744.37675795812,-5551.84996361789,-16.7259654722382,465.116279069767,0.0807641266489366,-1,-7,13,0,0,0,13,0,-11.5,0,-0.0913043478260869,-0.239130434782608,0.18695652173913,-0.2,0,0,0.386956521739129,0,0,1,-0.172068474475023,-0.804479321325164,1.23689016817531,-0.2,0,0,1.4368901681753,0,-0.92878745646277,1,13,0.447049217805686
-152.43229146029,-2286.48437190435,-8080.46533703878,-48.5156144517409,465.116279069767,0.0515565189925927,-1,-7,15,0,0,2,17,0,-17.5,0,-0.0666666666666667,-0.066666666666666,0,-0.2,0,0.133333333333333,0.333333333333332,0,-0.116666666666667,1,-0.118223185659259,-0.427562299614815,0.77334778488889,-0.2,0,0.236446371318519,1.20979415620741,0,-1.01890574903704,1,15,0.563905178962205
-154.555227709082,-1700.1075047999,-6252.52112026267,-78.228936248792,465.116279069768,0.0618770149479675,-1,-2.5,11,1,1,0,12,0,-13.75,0,-0.0909090909090909,0.172727272727273,0,-0.109090909090909,0.0909090909090909,0,0.29090909090909,0,-0.2,1,-0.152786105857058,0.0180347353573541,0.680647164427642,-0.0472138941429416,0.152786105857058,0,1.0334332702847,0,-1.05080895553455,1,11,0.595008887746262
-158.992289748191,-2702.86892571924,-10152.2730237492,-107.0104561246,465.116279069767,0.0352734626134906,-1,-5,17,0,0,2,19,0,-22.5,0,-0.0588235294117647,0.105882352941177,0,-0.2,0,0.117647058823529,0.317647058823529,0,-0.273529411764706,1,-0.0940969920252553,-0.0704849601262759,0.59964886442934,-0.2,0,0.188193984050511,0.98784284847985,0,-1.06718232056824,1,17,0.625137192440505
-150.085698693382,-2101.19978170735,-7233.01149368356,-26.4616034360763,465.116279069767,0.0606462019335597,-1,-7,14,0,0,2,16,0,-15.5,0,-0.0714285714285714,-0.0999999999999996,0,-0.2,0,0.142857142857143,0.342857142857143,0,-0.0571428571428572,1,-0.132074773362131,-0.524523413534917,0.849046827069835,-0.2,0,0.264149546724262,1.3131963737941,0,-0.997158987113032,1,14,0.540819186058521
-151.48229146029,-1514.8229146029,-5405.06727690745,-50.3246530065668,465.116279069768,0.0767412512764369,-1,-2.5,10,1,1,0,11,0,-11.75,0,-0.1,0.15,0,-0.1,0.1,0,0.3,0,-0.125,1,-0.176741251276437,-0.0418531281910918,0.767412512764369,-0.0232587487235631,0.176741251276437,0,1.14415376404081,0,-1.02670970249813,1,10,0.56579886855951
-156.637744682759,-1723.01519151035,-6440.97112026267,-95.3607544306101,465.116279069768,0.0574067974743657,-1,-1.5,11,1,1,0,12,0,-14.25,0,-0.0909090909090909,0.263636363636364,0,-0.109090909090909,0.0909090909090909,0,0.29090909090909,0,-0.245454545454546,1,-0.148315888383457,0.177526167424815,0.631474772218023,-0.0516841116165434,0.148315888383457,0,0.979790660601478,0,-1.06350140946426,1,11,0.612942361738441
