"delGcox","delGd","delGcat","delGan","delGdis","lambda","stoichCat_donor","stoichCat_h2o","stoichCat_hco3","stoichCat_nh4","stoichCat_hpo4","stoichCat_hs","stoichCat_h","stoichCat_e","stoichCat_acceptor","stoichCat_reduced","stoichCat_biom","stoichAn_donor","stoichAn_h2o","stoichAn_hco3","stoichAn_nh4","stoichAn_hpo4","stoichAn_hs","stoichAn_h","stoichAn_e","stoichAn_acceptor","stoichAn_reduced","stoichAn_biom","stoichMet_donor","stoichMet_h2o","stoichMet_hco3","stoichMet_nh4","stoichMet_hpo4","stoichMet_hs","stoichMet_h","stoichMet_e","stoichMet_acceptor","stoichMet_reduced","stoichMet_biom","C_num","CUE"
-41.7153779686532,-333.723023749226,-3161.54384335522,-4.06261493683561,465.116279069767,0.145831810968541,-1,-2,8,0,0,0,2,0,-6,3,0,-0.14,-0.3,0.12,-0.2,0,0,0.319999999999999,0,0,0,1,-0.28583181096854,-0.591663621937081,1.28665448774832,-0.2,0,0,0.61166362193708,0,-0.874990865811243,0.437495432905622,1,8,0.437320113448667
-42.9938397170116,-214.969198585058,-1911.66169034866,-7.5008712817907,465.116279069767,0.239380958512861,-1,1.8,5,0,0,0,1.4,0,-3.6,1.8,0,-0.233333333333333,0.4,0.166666666666666,-0.2,0,0,0.366666666666666,0,0,0,1,-0.472714291846194,0.83088572532315,1.36357145923097,-0.2,0,0,0.701800008584671,0,-0.861771450646299,0.430885725323149,1,5,0.423088540900459
-28.9307604850701,-115.72304194028,-2095.19761566448,-85.2458807832239,465.116279069768,0.181305283781583,-1,-0.399999999999999,4,2,1,0,-0.200000000000003,0,-4.2,2.1,0,-0.25,-0.12,0,0.3,0.25,0,-0.0100000000000007,0,-0.21,0.105,1,-0.431305283781583,-0.192522113512632,0.725221135126331,0.662610567563165,0.431305283781583,0,-0.0462610567563177,0,-0.971482191882647,0.485741095941324,1,4,0.579635838930743
-32.0085387681549,-288.076848913394,-4435.54738433552,-54.2850751266069,465.116279069768,0.0926224360479256,-1,2.4,9,0,0,0,0.199999999999996,0,-8.8,4.4,0,-0.111111111111111,0.246666666666667,0,-0.2,0,0,0.0622222222222214,0,-0.137777777777778,0.0688888888888889,1,-0.203733547159037,0.468960513181689,0.833601924431331,-0.2,0,0,0.0807467094318061,0,-0.952855214999523,0.476427607499762,1,9,0.545374645759132
-42.0197736230243,-294.13841536117,-2744.9164590197,-4.85605870874828,465.116279069767,0.167677314494807,-1,-0.399999999999999,7,0,0,0,1.8,0,-5.2,2.6,0,-0.161538461538462,-0.0846153846153843,0.130769230769231,-0.2,0,0,0.33076923076923,0,0,0,1,-0.329215776033269,-0.151686310413307,1.30451043223288,-0.2,0,0,0.632588396859883,0,-0.871922035372998,0.435961017686499,1,7,0.433931643794332
-25.947683072234,-259.47683072234,-5538.07569398687,-115.254046265791,465.116279069767,0.0631739709126493,-1,5.59999999999999,10,0,0,0,-1.19999999999999,0,-11.2,5.6,0,-0.1,0.54,0,-0.2,0,0,-0.080000000000001,0,-0.28,0.14,1,-0.163173970912649,0.893774237110836,0.631739709126493,-0.2,0,0,-0.155808765095179,0,-0.987548474221672,0.493774237110836,1,10,0.612842841543228
-39.584608388056,-277.092258716392,-2916.39169034866,1.09476958059721,469.942383370172,0.161513679561491,-1,0.799999999999997,7,0,0,0,1.40000000000001,0,-5.6,2.8,0,-0.15,0.100000000000001,0.0499999999999998,-0.2,0,0,0.249999999999999,0,0,0,1,-0.311513679561491,0.229210943649193,1.18059575693044,-0.2,0,0,0.476119151386088,0,-0.904476605544352,0.452238302772176,1,7,0.458590271407145
-33.1922996462644,-265.538397170116,-3847.44476867104,-42.3770729509851,465.116279069767,0.109875315056128,-1,2.8,8,0,0,0,0.400000000000006,0,-7.6,3.8,0,-0.125,0.33,0,-0.2,0,0,0.0899999999999992,0,-0.11,0.0550000000000001,1,-0.234875315056128,0.637650882157158,0.879002520449024,-0.2,0,0,0.133950126022451,0,-0.945052394426573,0.472526197213286,1,8,0.532197263770051
-28.2205039582043,-253.984535623839,-4778.49784699343,-92.3906820885971,465.116279069767,0.0780005786160779,-1,4.8,9,0,0,0,-0.599999999999994,0,-9.6,4.8,0,-0.111111111111111,0.513333333333334,0,-0.2,0,0,-0.0266666666666673,0,-0.226666666666667,0.113333333333333,1,-0.189111689727189,0.887736110690508,0.702005207544701,-0.2,0,0,-0.0734670138363136,0,-0.975472221381015,0.487736110690507,1,9,0.587542268124192
-46.709608388056,-373.676867104448,-3201.49768671044,-9.65615300656667,465.116279069767,0.142264705657554,-1,-5,8,0,0,2,4,0,-6,3,0,-0.14,-0.72,0.12,-0.2,0,0.28,0.599999999999999,0,0,0,1,-0.282264705657554,-1.43132352828777,1.25811764526043,-0.2,0,0.564529411315108,1.16905882263021,0,-0.853588233945323,0.426794116972662,1,8,0.442846723286939
-39.5846083880561,-356.261475492504,-3749.6464590197,1.09476958059716,469.942383370172,0.125621750770049,-1,-1.4,9,0,0,0,1.8,0,-7.2,3.6,0,-0.116666666666667,-0.183333333333333,0.0499999999999998,-0.2,0,0,0.249999999999999,0,0,0,1,-0.242288417436715,-0.359203784411401,1.18059575693044,-0.2,0,0,0.476119151386087,0,-0.904476605544352,0.452238302772176,1,9,0.458590271407145
-39.584608388056,-237.507650328336,-2499.76430601313,1.09476958059719,469.942383370172,0.188432626155073,-1,2.4,6,0,0,0,1.2,0,-4.8,2.4,0,-0.175,0.4,0.0499999999999998,-0.2,0,0,0.249999999999999,0,0,0,1,-0.363432626155073,0.852238302772176,1.18059575693044,-0.2,0,0,0.476119151386088,0,-0.904476605544352,0.452238302772176,1,6,0.458590271407145
-43.8461475492504,-350.769180394003,-2990.06861202627,-9.95676867104453,465.116279069767,0.15222376789885,-1,-2.2,8,0,0,0,2.40000000000001,0,-5.6,2.8,0,-0.15,-0.349999999999999,0.2,-0.2,0,0,0.399999999999999,0,0,0,1,-0.30222376789885,-0.68489228937747,1.4177901431908,-0.2,0,0,0.76533704295724,0,-0.85245310023356,0.42622655011678,1,8,0.413600825868321
-37.6905909830808,-339.215318847727,-3921.12169034865,2.87333531637811,477.782885972849,0.122581306892949,-1,-0.200000000000003,9,0,0,0,1.40000000000001,0,-7.6,3.8,0,-0.111111111111111,-0.0422222222222215,0,-0.2,0,0,0.195555555555555,0,-0.00444444444444461,0.0022222222222223,1,-0.23369241800406,-0.0667384836008117,1.10323176203654,-0.2,0,0,0.367169385205684,0,-0.936062376830857,0.468031188415428,1,9,0.475458776369804
-35.7965735781055,-322.169162202949,-4092.59692167761,-16.1794681646169,465.116279069768,0.109694851336868,-1,1,9,0,0,0,1,0,-8,4,0,-0.111111111111111,0.0911111111111119,0,-0.2,0,0,0.151111111111109,0,-0.0488888888888891,0.0244444444444445,1,-0.220805962447979,0.20080596244798,0.987253662031815,-0.2,0,0,0.260805962447978,0,-0.926447699583836,0.463223849791918,1,9,0.503207023394073
-39.584608388056,-316.676867104448,-3333.01907468418,1.09476958059716,469.942383370172,0.141324469616305,-1,0.200000000000003,8,0,0,0,1.59999999999999,0,-6.4,3.2,0,-0.13125,0.00625000000000042,0.0499999999999998,-0.2,0,0,0.249999999999999,0,0,0,1,-0.272574469616305,0.0345148939232618,1.18059575693044,-0.2,0,0,0.476119151386086,0,-0.904476605544351,0.452238302772176,1,8,0.458590271407146
-33.9025561731302,-305.123005558172,-4264.07215300657,-35.2322716456119,465.116279069768,0.100815368970961,-1,2.2,9,0,0,0,0.599999999999994,0,-8.4,4.2,0,-0.111111111111111,0.224444444444445,0,-0.2,0,0,0.106666666666666,0,-0.0933333333333334,0.0466666666666667,1,-0.211926480082072,0.446238256180558,0.907338320738646,-0.2,0,0,0.167155888049242,0,-0.940182432689403,0.470091216344701,1,9,0.524290834576602
-29.3569144011895,-293.569144011895,-5195.12523132896,-80.959,465.116279069767,0.0739457206446392,-1,4.2,10,0,0,0,-0.400000000000006,0,-10.4,5.2,0,-0.1,0.4,0,-0.2,0,0,-8.88178419700125e-16,0,-0.2,0.1,1,-0.173945720644639,0.710572026707485,0.739457206446392,-0.2,0,0,-0.029578288257857,0,-0.969035494704248,0.484517747352124,1,10,0.574891981414674
-29.7888808039759,-268.099927235783,-4415.57046265791,-52.0654171624279,465.116279069768,0.0935441672600345,-1,2.4,9,1,0,0,-0.800000000000004,0,-8.8,4.4,0,-0.111111111111111,0.246666666666667,0,-0.0888888888888889,0,0,-0.0488888888888893,0,-0.137777777777778,0.0688888888888889,1,-0.204655278371146,0.47117266809075,0.841897505340311,0.00465527837114561,0,0,-0.123724222696917,0,-0.960966449666082,0.480483224833041,1,9,0.5429183747199
-37.4538388074589,-299.630710459671,-3504.49430601313,0.491734881253763,467.284008121741,0.133478813819263,-1,1.4,8,0,0,0,1.2,0,-6.8,3.4,0,-0.125,0.155,0,-0.2,0,0,0.189999999999999,0,-0.0100000000000001,0.00500000000000007,1,-0.258478813819263,0.341870339346969,1.06783051055411,-0.2,0,0,0.350174576583115,0,-0.91765593397099,0.458827966985495,1,8,0.483598629044329
-32.0085387681549,-288.076848913394,-4435.54738433552,-54.285075126607,465.116279069767,0.0926224360479256,-1,3.4,9,0,0,0,0.199999999999996,0,-8.8,4.4,0,-0.111111111111111,0.357777777777778,0,-0.2,0,0,0.0622222222222214,0,-0.137777777777778,0.0688888888888889,1,-0.203733547159037,0.672694060340725,0.83360192443133,-0.2,0,0,0.0807467094318061,0,-0.952855214999523,0.476427607499761,1,9,0.545374645759132
-35.3230692268616,-282.584553814893,-3675.96953734209,-20.9426690348657,465.116279069767,0.120831689578163,-1,2.6,8,0,0,0,0.799999999999997,0,-7.2,3.6,0,-0.125,0.305,0,-0.2,0,0,0.139999999999999,0,-0.0600000000000001,0.0300000000000001,1,-0.245831689578163,0.619162392903224,0.966653516625302,-0.2,0,0,0.236665351662529,0,-0.929988164962772,0.464994082481386,1,8,0.508477976189705
-30.1145213631796,-271.030692268616,-4607.02261566448,-73.337878607602,465.116279069767,0.0850393916300883,-1,4.6,9,0,0,0,-0.199999999999996,0,-9.2,4.6,0,-0.111111111111111,0.491111111111111,0,-0.2,0,0,0.017777777777777,0,-0.182222222222222,0.0911111111111111,1,-0.196150502741199,0.882292312609518,0.765354524670795,-0.2,0,0,0.0007698994517597,0,-0.964584625219035,0.482292312609517,1,9,0.566458456941662
-45.9179417213894,-413.261475492504,-3618.12507104597,-8.39133858454751,465.116279069767,0.126232491004847,-1,-5.6,9,0,0,2,4.2,0,-6.8,3.4,0,-0.123529411764706,-0.711764705882352,0.111764705882353,-0.2,0,0.247058823529412,0.558823529411764,0,0,0,1,-0.249761902769552,-1.41866665550949,1.24785712492597,-0.2,0,0.499523805539105,1.08899999163212,0,-0.858380938832957,0.429190469416478,1,9,0.444868131924947
-39.5846083880561,-395.846083880561,-4166.27384335522,1.09476958059724,469.942383370172,0.113059575693044,-1,-2,10,0,0,0,2,0,-8,4,0,-0.105,-0.23,0.0499999999999998,-0.2,0,0,0.249999999999999,0,0,0,1,-0.218059575693044,-0.456119151386088,1.18059575693044,-0.2,0,0,0.476119151386087,0,-0.904476605544352,0.452238302772176,1,10,0.458590271407145
-45.2666606029819,-271.599963617891,-2156.81384335522,-14.3773839717012,465.116279069767,0.208983680481612,-1,1,6,0,0,0,2,0,-4,2,0,-0.21,0.19,0.26,-0.2,0,0,0.459999999999999,0,0,0,1,-0.418983680481612,0.398983680481613,1.51390208288967,-0.2,0,0,0.877967360963224,0,-0.83593472192645,0.417967360963225,1,6,0.397787967481423
-37.8799927235783,-378.799927235783,-4337.74907468418,4.77861566447771,486.181988253736,0.113183265206266,-1,-0.799999999999997,10,0,0,0,1.59999999999999,0,-8.4,4.2,0,-0.1,-0.0999999999999996,0,-0.2,0,0,0.199999999999999,0,-1.77635683940025e-16,8.88178419700125e-17,1,-0.213183265206266,-0.190546612165012,1.13183265206266,-0.2,0,0,0.381093224330024,0,-0.950739427732634,0.475369713866317,1,10,0.469079971653707
-53.8076867104448,-269.038433552224,-1588.68814936836,-38.0529216776111,465.116279069767,0.26881509600355,-1,-0.600000000000001,5,0,0,1,3.2,0,-2.8,1.4,0,-0.3,-0.2,0.5,-0.2,0,0.3,0.999999999999999,0,0,0,1,-0.56881509600355,-0.36128905760213,1.84407548001775,-0.2,0,0.56881509600355,1.86020830721136,0,-0.752682268809939,0.37634113440497,1,5,0.351608108513969
-41.4786257930313,-373.307632137282,-3578.17122769074,-3.45586381713771,465.116279069767,0.129021331254338,-1,-1.6,9,0,0,0,2.2,0,-6.8,3.4,0,-0.123529411764706,-0.217647058823529,0.111764705882353,-0.2,0,0,0.311764705882352,0,0,0,1,-0.252550743019044,-0.42408118883047,1.2729566871714,-0.2,0,0,0.595611634641897,0,-0.8773450525295,0.43867252626475,1,9,0.439955589846483
-42.425634495519,-254.553806973114,-2328.28907468418,-5.93802748862939,465.116279069767,0.19721702797726,-1,2.2,6,0,0,0,1.6,0,-4.4,2.2,0,-0.190909090909091,0.4,0.145454545454545,-0.2,0,0,0.345454545454544,0,0,0,1,-0.388126118886351,0.833877461549972,1.3287567133181,-0.2,0,0,0.66100179021816,0,-0.867754923099944,0.433877461549972,1,6,0.429413684255218
-36.1753770591005,-361.753770591005,-4509.22430601313,-12.3689074684179,465.116279069767,0.100404712845534,-1,0.400000000000002,10,0,0,0,1.2,0,-8.8,4.4,0,-0.1,0.0200000000000006,0,-0.2,0,0,0.159999999999999,0,-0.0400000000000002,0.0200000000000001,1,-0.200404712845534,0.0601618851382143,1.00404712845534,-0.2,0,0,0.280485655414639,0,-0.923561473040697,0.461780736520348,1,10,0.498990261157567
-31.8363553677026,-350.199909044729,-5440.27738433552,-56.0171481703338,465.116279069767,0.0751982117818798,-1,2.40000000000001,11,0,0,0,0.199999999999989,0,-10.8,5.4,0,-0.0909090909090909,0.198181818181818,0,-0.2,0,0,0.0581818181818172,0,-0.141818181818182,0.070909090909091,1,-0.166107302690971,0.37865752645833,0.827180329600677,-0.2,0,0,0.0732214605381923,0,-0.953958869062484,0.476979434531242,1,11,0.547291355866635
-55.4516419547941,-388.161493683559,-2461.89676139462,-31.444949496987,465.116279069768,0.176153336879615,-1,-6.8,7,0,0,3,5.6,0,-4.4,2.2,0,-0.190909090909091,-1.31818181818182,0.336363636363636,-0.2,0,0.572727272727273,1.10909090909091,0,0,0,1,-0.367062427788706,-2.5160245089632,1.56943699452094,-0.2,0,1.10118728336612,2.09554959561675,0,-0.775074682270307,0.387537341135153,1,7,0.38919031761915
-45.9769171298476,-367.815337038781,-2818.59338069731,-16.7577152874393,465.116279069767,0.159071743676417,-1,-2.4,8,0,0,0,2.8,0,-5.2,2.6,0,-0.161538461538462,-0.407692307692307,0.292307692307692,-0.2,0,0,0.492307692307691,0,0,0,1,-0.320610205214878,-0.789464492515708,1.56488164171903,-0.2,0,0,0.937708574601658,0,-0.827173067117368,0.413586533558684,1,8,0.389881538287975
-39.5846083880561,-356.261475492504,-3749.6464590197,1.09476958059713,469.942383370172,0.125621750770049,-1,-0.399999999999999,9,0,0,0,1.8,0,-7.2,3.6,0,-0.116666666666667,-0.066666666666666,0.0499999999999998,-0.2,0,0,0.249999999999999,0,0,0,1,-0.242288417436715,-0.116915366974685,1.18059575693044,-0.2,0,0,0.476119151386087,0,-0.904476605544351,0.452238302772176,1,9,0.458590271407146
-34.4707613946228,-344.707613946228,-4680.69953734209,-29.5164306013134,465.116279069767,0.0930629802219279,-1,1.6,10,0,0,0,0.800000000000004,0,-9.2,4.6,0,-0.1,0.140000000000001,0,-0.2,0,0,0.119999999999999,0,-0.0800000000000003,0.0400000000000001,1,-0.193062980221928,0.288900768355085,0.930629802219279,-0.2,0,0,0.194450384177542,0,-0.936179418041737,0.468089709020869,1,10,0.517965691221844
-37.6905909830808,-339.215318847727,-3921.12169034865,2.87333531637808,477.782885972849,0.122581306892949,-1,0.799999999999997,9,0,0,0,1.40000000000001,0,-7.6,3.8,0,-0.111111111111111,0.0688888888888896,0,-0.2,0,0,0.195555555555555,0,-0.00444444444444461,0.0022222222222223,1,-0.23369241800406,0.166953934403248,1.10323176203654,-0.2,0,0,0.367169385205684,0,-0.936062376830856,0.468031188415428,1,9,0.475458776369804
-32.766145730145,-327.66145730145,-4852.17476867104,-46.663953734209,465.116279069767,0.0862401593688201,-1,2.8,10,0,0,0,0.400000000000006,0,-9.6,4.8,0,-0.1,0.260000000000001,0,-0.2,0,0,0.079999999999999,0,-0.12,0.0600000000000001,1,-0.18624015936882,0.501472446232697,0.862401593688201,-0.2,0,0,0.114496063747527,0,-0.947905529940673,0.473952764970336,1,10,0.53694112128612
-25.3794778507414,-304.553734208896,-6714.28092531582,-120.96988731009,465.116279069767,0.0512558821395294,-1,6.8,12,0,0,0,-1.59999999999999,0,-13.6,6.8,0,-0.0833333333333333,0.546666666666667,0,-0.2,0,0,-0.0933333333333339,0,-0.293333333333333,0.146666666666667,1,-0.134589215472863,0.895206665215466,0.615070585674352,-0.2,0,0,-0.175342744756581,0,-0.990413330430933,0.495206665215466,1,12,0.619167984897987
-39.2182627589519,-313.746102071615,-3141.56692167761,-1.26584590197004,465.116279069768,0.147649387943039,-1,-1,8,1,0,0,1,0,-6,3,0,-0.14,-0.16,0.12,-0.06,0,0,0.179999999999999,0,0,0,1,-0.287649387943039,-0.307649387943039,1.30119510354431,0.0876493879430393,0,0,0.327649387943038,0,-0.885896327658236,0.442948163829118,1,8,0.434556808529531
-49.7439500469052,-348.207650328336,-2421.9429180394,-23.8173975837172,465.116279069768,0.182208621928748,-1,-2.8,7,0,0,1,3.6,0,-4.4,2.2,0,-0.190909090909091,-0.554545454545454,0.336363636363636,-0.2,0,0.190909090909091,0.727272727272726,0,0,0,1,-0.373117712837839,-1.06472959594595,1.61182398986487,-0.2,0,0.373117712837839,1.38322376621622,0,-0.801717936486492,0.400858968243246,1,7,0.382874192089696
-35.7965735781055,-322.169162202949,-4092.59692167761,-16.179468164617,465.116279069768,0.109694851336868,-1,2,9,0,0,0,1,0,-8,4,0,-0.111111111111111,0.202222222222223,0,-0.2,0,0,0.151111111111109,0,-0.0488888888888891,0.0244444444444445,1,-0.220805962447979,0.42161192489596,0.987253662031815,-0.2,0,0,0.260805962447978,0,-0.926447699583836,0.463223849791918,1,9,0.503207023394073
-31.0615300656672,-310.615300656672,-5023.65,-63.8114768671045,465.116279069767,0.0798831133145547,-1,4,10,0,0,0,0,0,-10,5,0,-0.1,0.38,0,-0.2,0,0,0.0399999999999991,0,-0.16,0.0800000000000001,1,-0.179883113314555,0.699532453258219,0.798831133145547,-0.2,0,0,0.0399999999999991,0,-0.958831133145547,0.479415566572774,1,10,0.555916551350397
-66.8584590197002,-334.292295098501,-711.335071045967,-308.34830146537,465.116279069767,0.220385559471828,-1,-6.6,5,1,0,1,4.2,0,-0.8,0.4,0,-1.05,-6.95,4.25,0.85,0,1.05,4.45,0,0,0,1,-1.27038555947183,-8.40454469251406,5.35192779735914,1.07038555947183,0,1.27038555947183,5.37561934978168,0,-0.176308447577462,0.0881542237887312,1,5,0.157432520000583
-42.7512750547227,-384.761475492504,-3683.88576503283,-3.51276867104457,465.116279069767,0.125303426827245,-1,-7,9,1,1,0,3,0,-7,3.5,0,-0.12,-0.859999999999999,0.0799999999999998,-0.08,0.12,0,0.399999999999999,0,0,0,1,-0.245303426827245,-1.73712398779072,1.20773084144521,0.0453034268272454,0.245303426827245,0,0.775910280481735,0,-0.877123987790718,0.438561993895359,1,9,0.45295376647698
-33.9025561731302,-305.123005558172,-4264.07215300657,-35.2322716456119,465.116279069767,0.100815368970961,-1,3.2,9,0,0,0,0.599999999999994,0,-8.4,4.2,0,-0.111111111111111,0.335555555555556,0,-0.2,0,0,0.106666666666666,0,-0.0933333333333334,0.0466666666666667,1,-0.211926480082072,0.65816473626263,0.907338320738646,-0.2,0,0,0.167155888049242,0,-0.940182432689403,0.470091216344701,1,9,0.524290834576602
-38.0349577839854,-418.384535623839,-4754.3764590197,4.45828122240118,484.769848698644,0.102900587308965,-1,-1.4,11,0,0,0,1.8,0,-9.2,4.6,0,-0.0913043478260869,-0.147826086956521,0.00434782608695639,-0.2,0,0,0.204347826086956,0,0,0,1,-0.194204935135052,-0.291886909189073,1.13625428648557,-0.2,0,0,0.389568883243093,0,-0.946685403242479,0.473342701621239,1,11,0.468109066568632
-41.2892240525338,-412.892240525338,-3994.79861202627,-2.9768497752708,465.116279069767,0.115685288340502,-1,-2.2,10,0,0,0,2.40000000000001,0,-7.6,3.8,0,-0.110526315789474,-0.263157894736841,0.105263157894737,-0.2,0,0,0.305263157894736,0,0,0,1,-0.226211604129976,-0.517665529085947,1.26211604129976,-0.2,0,0,0.582907849911942,0,-0.879208191387817,0.439604095693908,1,10,0.442063970964736
-42.0197736230243,-294.13841536117,-2744.9164590197,-4.85605870874826,465.116279069767,0.167677314494807,-1,1.6,7,0,0,0,1.8,0,-5.2,2.6,0,-0.161538461538462,0.238461538461539,0.130769230769231,-0.2,0,0,0.33076923076923,0,0,0,1,-0.329215776033269,0.506745241653231,1.30451043223288,-0.2,0,0,0.632588396859883,0,-0.871922035372998,0.435961017686499,1,7,0.433931643794332
-35.6894148559659,-285.515318847727,-3867.42169034865,-44.8741881606865,465.116279069767,0.108662081499366,-1,2.8,8,0,0,1,1.40000000000001,0,-7.6,3.8,0,-0.125,0.33,0,-0.2,0,0.125,0.214999999999999,0,-0.11,0.0550000000000001,1,-0.233662081499366,0.634253828198225,0.869296651994927,-0.2,0,0.233662081499366,0.367126914099112,0,-0.935831819395181,0.46791590969759,1,8,0.534960568689187
-45.9179417213894,-413.261475492504,-3618.12507104597,-8.39133858454754,465.116279069768,0.126232491004847,-1,-4.6,9,0,0,2,4.2,0,-6.8,3.4,0,-0.123529411764706,-0.588235294117647,0.111764705882353,-0.2,0,0.247058823529412,0.558823529411764,0,0,0,1,-0.249761902769552,-1.16890475273994,1.24785712492597,-0.2,0,0.499523805539105,1.08899999163212,0,-0.858380938832957,0.429190469416478,1,9,0.444868131924947
-45.2666606029819,-407.399945426837,-3235.22076503283,-14.3773839717012,465.116279069767,0.139322453654408,-1,-3,9,0,0,0,3,0,-6,3,0,-0.14,-0.439999999999999,0.26,-0.2,0,0,0.459999999999999,0,0,0,1,-0.279322453654408,-0.857967360963224,1.51390208288967,-0.2,0,0,0.877967360963224,0,-0.83593472192645,0.417967360963225,1,9,0.397787967481423
-39.5846083880561,-395.846083880561,-4166.27384335522,1.09476958059719,469.942383370172,0.113059575693044,-1,-1,10,0,0,0,2,0,-8,4,0,-0.105,-0.125,0.0499999999999998,-0.2,0,0,0.249999999999999,0,0,0,1,-0.218059575693044,-0.238059575693044,1.18059575693044,-0.2,0,0,0.476119151386087,0,-0.904476605544352,0.452238302772176,1,10,0.458590271407145
-44.0239243164141,-396.215318847727,-3789.60030237492,-3.56651214417885,465.116279069768,0.121793785649726,-1,-3.4,9,0,0,2,3.8,0,-7.2,3.6,0,-0.116666666666667,-0.416666666666666,0.0499999999999998,-0.2,0,0.233333333333333,0.483333333333333,0,0,0,1,-0.238460452316393,-0.830765537875735,1.14614407084754,-0.2,0,0.476920904632786,0.946149718802291,0,-0.876915256678028,0.438457628339014,1,9,0.465951943107477
-43.3726431980066,-390.35378878206,-3406.69599636179,-8.57532638958937,465.116279069767,0.134012824498501,-1,-1.8,9,0,0,0,2.59999999999999,0,-6.4,3.2,0,-0.13125,-0.256249999999999,0.18125,-0.2,0,0,0.381249999999999,0,0,0,1,-0.265262824498501,-0.497473084097301,1.38736542048651,-0.2,0,0,0.729683343696101,0,-0.857682076790406,0.428841038395203,1,9,0.418871778663953
-37.8799927235783,-378.799927235783,-4337.74907468418,4.77861566447768,486.181988253736,0.113183265206266,-1,0.200000000000003,10,0,0,0,1.59999999999999,0,-8.4,4.2,0,-0.1,5.32907051820075e-16,0,-0.2,0,0,0.199999999999999,0,-1.77635683940025e-16,8.88178419700125e-17,1,-0.213183265206266,0.022636653041254,1.13183265206266,-0.2,0,0,0.381093224330024,0,-0.950739427732633,0.475369713866317,1,10,0.469079971653708
-33.3860059717733,-367.246065689506,-5268.80215300657,-40.4284907767924,465.116279069767,0.0806042390585179,-1,2.2,11,0,0,0,0.599999999999994,0,-10.4,5.2,0,-0.0909090909090909,0.180000000000001,0,-0.2,0,0,0.0945454545454536,0,-0.105454545454546,0.0527272727272728,1,-0.171513329967609,0.35732932592874,0.886646629643697,-0.2,0,0,0.142907997980564,0,-0.943738631663132,0.471869315831566,1,11,0.530040964899111
-36.1753770591005,-361.753770591005,-4509.22430601313,-12.3689074684179,465.116279069767,0.100404712845534,-1,1.4,10,0,0,0,1.2,0,-8.8,4.4,0,-0.1,0.120000000000001,0,-0.2,0,0,0.159999999999999,0,-0.0400000000000002,0.0200000000000001,1,-0.200404712845534,0.260566597983748,1.00404712845534,-0.2,0,0,0.280485655414639,0,-0.923561473040697,0.461780736520348,1,10,0.498990261157567
-31.8363553677026,-350.199909044729,-5440.27738433552,-56.0171481703338,465.116279069767,0.0751982117818798,-1,3.40000000000001,11,0,0,0,0.199999999999989,0,-10.8,5.4,0,-0.0909090909090909,0.28909090909091,0,-0.2,0,0,0.0581818181818172,0,-0.141818181818182,0.070909090909091,1,-0.166107302690971,0.544764829149301,0.827180329600677,-0.2,0,0,0.0732214605381923,0,-0.953958869062484,0.476979434531242,1,11,0.547291355866635
-55.4516419547941,-388.161493683559,-2461.89676139462,-31.444949496987,465.116279069768,0.176153336879615,-1,-5.8,7,0,0,3,5.6,0,-4.4,2.2,0,-0.190909090909091,-1.12727272727273,0.336363636363636,-0.2,0,0.572727272727273,1.10909090909091,0,0,0,1,-0.367062427788706,-2.14896208117449,1.56943699452094,-0.2,0,1.10118728336612,2.09554959561675,0,-0.775074682270307,0.387537341135153,1,7,0.38919031761915
-38.8519171298476,-310.815337038781,-2950.11476867104,-3.9636921677612,465.116279069767,0.156316829365165,-1,-2.2,8,2,0,0,0.400000000000006,0,-5.6,2.8,0,-0.15,-0.349999999999999,0.2,0.0999999999999999,0,0,0.0999999999999991,0,0,0,1,-0.306316829365165,-0.693897024603364,1.45053463492132,0.412633658730331,0,0,0.162526731746066,0,-0.875374244444927,0.437687122222463,1,8,0.408074216030048
-34.4707613946228,-344.707613946228,-4680.69953734209,-29.5164306013135,465.116279069767,0.0930629802219279,-1,2.6,10,0,0,0,0.800000000000004,0,-9.2,4.6,0,-0.1,0.240000000000001,0,-0.2,0,0,0.119999999999999,0,-0.0800000000000003,0.0400000000000001,1,-0.193062980221928,0.481963748577013,0.930629802219279,-0.2,0,0,0.194450384177542,0,-0.936179418041737,0.468089709020869,1,10,0.517965691221844
-30.2867047636319,-333.153752399951,-5611.75261566448,-71.6058055638752,465.116279069767,0.070122562496333,-1,4.59999999999999,11,0,0,0,-0.199999999999989,0,-11.2,5.6,0,-0.0909090909090909,0.398181818181819,0,-0.2,0,0,0.0218181818181811,0,-0.178181818181818,0.0890909090909092,1,-0.161031653405424,0.72074560566495,0.771348187459663,-0.2,0,0,0.00779366931891528,0,-0.963554518140747,0.481777259070374,1,11,0.564541746834159
-59.4717911402965,-356.830746841779,-1299.43768671044,-107.210305285491,465.116279069767,0.275431425026869,-1,-6,6,1,0,1,4,0,-2,1,0,-0.42,-2.54,1.52,0.22,0,0.42,1.72,4.44089209850063e-16,0,0,1,-0.695431425026869,-4.19258855016122,3.17258855016121,0.495431425026869,0,0.695431425026869,2.82172570010748,4.44089209850063e-16,-0.550862850053738,0.275431425026869,1,6,0.239659383612449
-41.349032339549,-330.792258716392,-2970.09169034865,-6.96023041940275,465.116279069767,0.154256533607749,-1,-1.2,8,1,0,0,1.40000000000001,0,-5.6,2.8,0,-0.15,-0.2,0.2,-0.05,0,0,0.249999999999999,0,0,0,1,-0.304256533607749,-0.385107840329299,1.434052268862,0.104256533607749,0,0,0.465959147050849,0,-0.863836588203397,0.431918294101699,1,8,0.410837520949184
-63.7781997641763,-382.669198585058,-1702.31891440119,-72.1421511874614,465.116279069768,0.23084636172332,-1,-6.6,6,0,0,3,6.2,0,-2.8,1.4,0,-0.3,-2,0.8,-0.2,0,0.9,1.9,0,0,0,1,-0.53084636172332,-3.52358598737391,2.18507817033992,-0.2,0,1.59253908516996,3.33124744268458,0,-0.646369812825295,0.323184906412648,1,6,0.313964036836583
-52.1791152818734,-365.253806973114,-2250.46768671044,-34.0446910762979,465.116279069767,0.191547557220684,-1,-3,7,0,0,1,4,0,-4,2,0,-0.21,-0.65,0.47,-0.2,0,0.21,0.88,0,0,0,1,-0.401547557220684,-1.22464267166205,1.81083290054479,-0.2,0,0.401547557220684,1.64619022888274,0,-0.766190228882737,0.383095114441368,1,7,0.355766434855015
-32.766145730145,-327.66145730145,-4852.17476867104,-46.663953734209,465.116279069767,0.08624015936882,-1,3.8,10,0,0,0,0.400000000000006,0,-9.6,4.8,0,-0.1,0.360000000000001,0,-0.2,0,0,0.079999999999999,0,-0.12,0.0600000000000001,1,-0.18624015936882,0.687712605601517,0.8624015936882,-0.2,0,0,0.114496063747527,0,-0.947905529940673,0.473952764970336,1,10,0.53694112128612
-41.7153779686532,-333.723023749226,-3161.54384335522,-4.06261493683553,465.116279069768,0.145831810968541,-1,1,8,0,0,0,2,0,-6,3,0,-0.14,0.12,0.12,-0.2,0,0,0.319999999999999,0,0,0,1,-0.285831810968541,0.265831810968541,1.28665448774832,-0.2,0,0,0.61166362193708,0,-0.874990865811243,0.437495432905622,1,8,0.437320113448667
-27.0840935152192,-406.261402728287,-8135.63830965134,-103.822364177194,465.116279069767,0.0444087975818651,-1,5.2,15,0,0,0,-1.39999999999999,0,-16.4,8.2,0,-0.0666666666666667,0.326666666666667,0,-0.2,0,0,-0.0533333333333343,0,-0.253333333333334,0.126666666666667,1,-0.111075464248532,0.557592414092366,0.666131963727976,-0.2,0,0,-0.115505649947945,0,-0.981637613675921,0.49081880683796,1,15,0.60019255483371
-37.0874931783546,-296.699945426837,-3313.04215300657,3.71674055078371,481.50089358001,0.146456824791819,-1,1.2,8,1,0,0,0.599999999999994,0,-6.4,3.2,0,-0.13125,0.1375,0.0499999999999998,-0.06875,0,0,0.118749999999999,0,0,0,1,-0.277706824791819,0.313248189750184,1.22165459833455,0.0777068247918189,0,0,0.20662409487509,0,-0.937323678667641,0.468661839333821,1,8,0.450114973204945
-40.1174747576622,-441.292222334284,-4965.80553370388,-12.883343567457,465.116279069768,0.0910694010131727,-1,-3.2,11,0,0,2,3.40000000000001,0,-9.6,4.8,0,-0.0909090909090909,-0.310909090909091,0,-0.2,0,0.181818181818182,0.349090909090909,0,-0.0327272727272728,0.0163636363636364,1,-0.181978491922264,-0.602331174151244,1.0017634111449,-0.2,0,0.363956983844527,0.658726872535697,0,-0.906993522453731,0.453496761226865,1,11,0.499559535573714
-39.584608388056,-435.430692268616,-4582.90122769074,1.09476958059721,469.942383370172,0.102781432448222,-1,-1.6,11,0,0,0,2.2,0,-8.8,4.4,0,-0.0954545454545454,-0.172727272727272,0.0499999999999998,-0.2,0,0,0.249999999999999,0,0,0,1,-0.198235977902767,-0.337177564644427,1.18059575693044,-0.2,0,0,0.476119151386087,0,-0.904476605544352,0.452238302772176,1,11,0.458590271407145
-39.584608388056,-316.676867104448,-3333.01907468418,1.09476958059724,469.942383370172,0.141324469616305,-1,2.2,8,0,0,0,1.59999999999999,0,-6.4,3.2,0,-0.13125,0.26875,0.0499999999999998,-0.2,0,0,0.249999999999999,0,0,0,1,-0.272574469616305,0.579663833155872,1.18059575693044,-0.2,0,0,0.476119151386086,0,-0.904476605544352,0.452238302772176,1,8,0.458590271407145
-35.3230692268616,-423.87683072234,-5513.95430601313,-20.9426690348657,465.116279069768,0.0805544597187751,-1,0.400000000000006,12,0,0,0,1.19999999999999,0,-10.8,5.4,0,-0.0833333333333333,0.0133333333333339,0,-0.2,0,0,0.139999999999999,0,-0.0600000000000001,0.0300000000000001,1,-0.163887793052108,0.0455551172208444,0.966653516625302,-0.2,0,0,0.236665351662528,0,-0.929988164962772,0.464994082481386,1,12,0.508477976189705
-33.9025561731302,-305.123005558172,-4264.07215300657,-35.232271645612,465.116279069768,0.100815368970961,-1,4.2,9,0,0,0,0.599999999999994,0,-8.4,4.2,0,-0.111111111111111,0.446666666666667,0,-0.2,0,0,0.106666666666666,0,-0.0933333333333334,0.0466666666666667,1,-0.211926480082072,0.870091216344702,0.907338320738646,-0.2,0,0,0.167155888049242,0,-0.940182432689403,0.470091216344701,1,9,0.524290834576603
-28.626364830699,-400.769107629787,-7376.06046265791,-88.3079384855268,465.116279069767,0.0510853107145573,-1,4.40000000000001,14,0,0,0,-0.800000000000011,0,-14.8,7.4,0,-0.0714285714285714,0.294285714285715,0,-0.2,0,0,-0.0171428571428578,0,-0.217142857142857,0.108571428571429,1,-0.122513882143129,0.519061081429767,0.715194350003802,-0.2,0,0,-0.0580111057145042,0,-0.973205455718305,0.486602727859153,1,14,0.583024308585079
-43.5799927235783,-435.799927235783,-4206.22768671044,-3.10038397170104,465.116279069767,0.109840914356064,-1,-4,10,0,0,2,4,0,-8,4,0,-0.105,-0.44,0.0499999999999998,-0.2,0,0.21,0.459999999999999,0,0,0,1,-0.214840914356064,-0.879363657424255,1.14840914356064,-0.2,0,0.429681828712128,0.899363657424255,0,-0.878727314848511,0.439363657424255,1,10,0.465460688899631
-42.9938397170116,-429.938397170116,-3823.32338069731,-7.50087128179061,465.116279069767,0.11969047925643,-1,-2.4,10,0,0,0,2.8,0,-7.2,3.6,0,-0.116666666666667,-0.3,0.166666666666666,-0.2,0,0,0.366666666666666,0,0,0,1,-0.236357145923097,-0.587257150215433,1.36357145923097,-0.2,0,0,0.701800008584671,0,-0.861771450646299,0.430885725323149,1,10,0.423088540900459
-38.0349577839854,-418.384535623839,-4754.3764590197,4.45828122240118,484.769848698644,0.102900587308965,-1,-0.400000000000002,11,0,0,0,1.8,0,-9.2,4.6,0,-0.0913043478260869,-0.0565217391304344,0.00434782608695639,-0.2,0,0,0.204347826086956,0,0,0,1,-0.194204935135052,-0.0976819740540207,1.13625428648557,-0.2,0,0,0.389568883243093,0,-0.946685403242479,0.473342701621239,1,11,0.468109066568632
-37.8201844365631,-302.561475492504,-3695.9464590197,-23.4397842445671,465.116279069767,0.119502947275472,-1,2.6,8,0,0,1,1.8,0,-7.2,3.6,0,-0.125,0.305,0,-0.2,0,0.125,0.264999999999999,0,-0.0600000000000001,0.0300000000000001,1,-0.244502947275472,0.615707662916229,0.95602357820378,-0.2,0,0.244502947275472,0.480105305095849,0,-0.920421220383402,0.460210610191701,1,8,0.511241281108841
-33.9025561731302,-406.830674077562,-5685.42953734209,-35.2322716456119,465.116279069767,0.0756115267282205,-1,1.59999999999999,12,0,0,0,0.800000000000011,0,-11.2,5.6,0,-0.0833333333333333,0.113333333333334,0,-0.2,0,0,0.106666666666666,0,-0.0933333333333334,0.0466666666666667,1,-0.158944860061554,0.234311776098486,0.907338320738646,-0.2,0,0,0.167155888049243,0,-0.940182432689403,0.470091216344702,1,12,0.524290834576602
-47.1606780079572,-424.446102071615,-3063.74553370388,-21.0083069226862,465.116279069767,0.144955893778222,-1,-3.2,9,0,0,0,3.40000000000001,0,-5.6,2.8,0,-0.15,-0.5,0.35,-0.2,0,0,0.549999999999999,0,0,0,1,-0.294955893778222,-0.96385886009031,1.654603044004,-0.2,0,0,1.04285003884595,0,-0.811753005158043,0.405876502579021,1,9,0.376704156298893
-41.2892240525338,-412.892240525338,-3994.79861202627,-2.97684977527063,465.116279069767,0.115685288340502,-1,-1.2,10,0,0,0,2.40000000000001,0,-7.6,3.8,0,-0.110526315789474,-0.152631578947368,0.105263157894737,-0.2,0,0,0.305263157894736,0,0,0,1,-0.226211604129976,-0.291453924955971,1.26211604129976,-0.2,0,0,0.582907849911942,0,-0.879208191387817,0.439604095693909,1,10,0.442063970964736
-36.4853071799147,-401.338378979061,-4925.85169034865,-9.25117598970956,465.116279069767,0.0925454381773706,-1,0.799999999999997,11,0,0,0,1.40000000000001,0,-9.6,4.8,0,-0.0909090909090909,0.052727272727273,0,-0.2,0,0,0.167272727272727,0,-0.0327272727272728,0.0163636363636364,1,-0.183454529086462,0.126763623269169,1.01799981995108,-0.2,0,0,0.296836340721047,0,-0.921163479230031,0.460581739615015,1,11,0.495540182964062
-32.4820431193987,-389.784517432785,-5856.90476867104,-49.5218742563583,465.116279069767,0.0709580266758732,-1,2.8,12,0,0,0,0.400000000000006,0,-11.6,5.8,0,-0.0833333333333333,0.213333333333334,0,-0.2,0,0,0.0733333333333325,0,-0.126666666666667,0.0633333333333334,1,-0.154291360009207,0.412015808025779,0.851496320110479,-0.2,0,0,0.101716544003682,0,-0.949779776106796,0.474889888053398,1,12,0.5401036929635
-39.5846083880561,-395.846083880561,-4166.27384335522,1.09476958059736,469.942383370173,0.113059575693044,-1,0,10,0,0,0,2,0,-8,4,0,-0.105,-0.0199999999999999,0.0499999999999998,-0.2,0,0,0.249999999999999,0,0,0,1,-0.218059575693044,-0.0199999999999999,1.18059575693044,-0.2,0,0,0.476119151386088,0,-0.904476605544354,0.452238302772177,1,10,0.458590271407145
-34.935656575844,-384.292222334283,-5097.32692167761,-24.839833383251,465.116279069767,0.0863739862974326,-1,2,11,0,0,0,1,0,-10,5,0,-0.0909090909090909,0.161818181818183,0,-0.2,0,0,0.13090909090909,0,-0.0690909090909093,0.0345454545454547,1,-0.177283077206524,0.334566154413048,0.950113849271759,-0.2,0,0,0.217283077206523,0,-0.932830772065236,0.466415386032618,1,11,0.512790573931586
-31.0615300656672,-372.738360788007,-6028.38,-63.8114768671046,465.116279069768,0.0665692610954623,-1,4,12,0,0,0,0,0,-12,6,0,-0.0833333333333333,0.313333333333334,0,-0.2,0,0,0.0399999999999991,0,-0.16,0.0800000000000001,1,-0.149902594428796,0.579610377715183,0.798831133145548,-0.2,0,0,0.0399999999999991,0,-0.958831133145548,0.479415566572774,1,12,0.555916551350397
-24.9736169782467,-349.630637695454,-7890.48615664478,-125.05263091316,465.116279069767,0.0430979335627161,-1,8,14,0,0,0,-2,0,-16,8,0,-0.0714285714285714,0.551428571428572,0,-0.2,0,0,-0.102857142857143,0,-0.302857142857143,0.151428571428571,1,-0.114526504991287,0.8962120399303,0.603371069878025,-0.2,0,0,-0.189053009982576,0,-0.9924240798606,0.4962120399303,1,14,0.6236859444371
-51.3374931783546,-410.699945426837,-3049.9993770591,-18.9463834259695,465.116279069767,0.146285241564216,-1,-5.2,8,0,0,3,5.40000000000001,0,-5.6,2.8,0,-0.15,-0.799999999999999,0.2,-0.2,0,0.45,0.849999999999999,0,0,0,1,-0.296285241564216,-1.56068325613392,1.37028193251373,-0.2,0,0.888855724692647,1.63994030444676,0,-0.819197352759608,0.409598676379804,1,8,0.421890740625729
-37.8799927235783,-378.799927235783,-4337.74907468418,4.77861566447782,486.181988253737,0.113183265206266,-1,1.2,10,0,0,0,1.59999999999999,0,-8.4,4.2,0,-0.1,0.1,0,-0.2,0,0,0.199999999999999,0,-1.77635683940025e-16,8.88178419700125e-17,1,-0.213183265206266,0.23581991824752,1.13183265206266,-0.2,0,0,0.381093224330024,0,-0.950739427732635,0.475369713866317,1,10,0.469079971653707
-33.3860059717733,-367.246065689506,-5268.80215300657,-40.4284907767924,465.116279069767,0.0806042390585179,-1,3.2,11,0,0,0,0.599999999999994,0,-10.4,5.2,0,-0.0909090909090909,0.270909090909092,0,-0.2,0,0,0.0945454545454536,0,-0.105454545454546,0.0527272727272728,1,-0.171513329967609,0.528842655896349,0.886646629643697,-0.2,0,0,0.142907997980564,0,-0.943738631663132,0.471869315831566,1,11,0.530040964899111
-29.6410170119358,-355.692204143229,-6199.85523132895,-78.1010794778508,465.116279069768,0.0624232639556261,-1,5.2,12,0,0,0,-0.400000000000006,0,-12.4,6.2,0,-0.0833333333333333,0.413333333333334,0,-0.2,0,0,0.00666666666666593,0,-0.193333333333333,0.0966666666666667,1,-0.145756597288959,0.737934305902589,0.749079167467513,-0.2,0,0,-0.0183026389155849,0,-0.967381806383097,0.483690903191549,1,12,0.571729409737295
-36.1753770591005,-361.753770591005,-4509.22430601313,-12.3689074684177,465.116279069767,0.100404712845534,-1,2.4,10,0,0,0,1.2,0,-8.8,4.4,0,-0.1,0.22,0,-0.2,0,0,0.159999999999999,0,-0.0400000000000002,0.0200000000000001,1,-0.200404712845534,0.460971310829281,1.00404712845534,-0.2,0,0,0.280485655414639,0,-0.923561473040697,0.461780736520349,1,10,0.498990261157567
-31.8363553677026,-350.199909044729,-5440.27738433552,-56.0171481703338,465.116279069767,0.0751982117818798,-1,4.40000000000001,11,0,0,0,0.199999999999989,0,-10.8,5.4,0,-0.0909090909090909,0.380000000000001,0,-0.2,0,0,0.0581818181818172,0,-0.141818181818182,0.070909090909091,1,-0.166107302690971,0.710872131840272,0.827180329600677,-0.2,0,0,0.0732214605381923,0,-0.953958869062484,0.476979434531242,1,11,0.547291355866635
-29.3569144011895,-440.353716017842,-7792.68784699343,-80.9590000000001,465.116279069767,0.0492971470964261,-1,3.8,15,0,0,0,-0.599999999999994,0,-15.6,7.8,0,-0.0666666666666667,0.233333333333334,0,-0.2,0,0,-8.88178419700125e-16,0,-0.2,0.1,1,-0.115963813763093,0.420662492299753,0.739457206446392,-0.2,0,0,-0.0295782882578563,0,-0.969035494704247,0.484517747352124,1,15,0.574891981414674
-42.6839095961974,-469.523005558172,-4239.95076503283,-6.64130719555195,465.116279069767,0.108132145225669,-1,-3,11,0,0,0,3,0,-8,4,0,-0.105,-0.334999999999999,0.155,-0.2,0,0,0.354999999999999,0,0,0,1,-0.213132145225669,-0.659396435677005,1.34445359748236,-0.2,0,0,0.679396435677005,0,-0.86505716180535,0.432528580902675,1,11,0.426538619093964
-38.6525561731302,-463.830674077562,-5553.90814936836,-24.2721559811343,465.116279069767,0.079375479614075,-1,-2.59999999999999,12,0,0,2,3.19999999999999,0,-10.8,5.4,0,-0.0833333333333333,-0.236666666666666,0,-0.2,0,0.166666666666667,0.306666666666665,0,-0.0600000000000001,0.0300000000000001,1,-0.162708812947408,-0.443042913663261,0.9525057553689,-0.2,0,0.325417625894817,0.560668201431704,0,-0.917255179832011,0.458627589916005,1,12,0.512162382748553
-38.1640953343246,-457.969144011895,-5171.00384335522,4.18920029105678,483.583651472365,0.0943284643638805,-1,-1,12,0,0,0,2,0,-10,5,0,-0.084,-0.104,0.00799999999999997,-0.2,0,0,0.207999999999999,0,0,0,1,-0.178328464363881,-0.19832846436388,1.13994157236657,-0.2,0,0,0.39665692872776,0,-0.943284643638805,0.471642321819402,1,12,0.467302478213972
-39.2182627589519,-313.746102071615,-3141.56692167761,-1.26584590196996,465.116279069767,0.147649387943039,-1,1,8,1,0,0,1,0,-6,3,0,-0.14,0.12,0.12,-0.06,0,0,0.179999999999999,0,0,0,1,-0.287649387943039,0.26764938794304,1.30119510354431,0.0876493879430393,0,0,0.327649387943039,0,-0.885896327658236,0.442948163829118,1,8,0.434556808529531
-41.1342589921267,-452.476848913394,-4411.42599636179,-2.58907650328335,465.116279069768,0.104847548830682,-1,-1.8,11,0,0,0,2.59999999999999,0,-8.4,4.2,0,-0.1,-0.199999999999999,0.0999999999999998,-0.2,0,0,0.299999999999999,0,0,0,1,-0.204847548830682,-0.388725587895227,1.25332303713751,-0.2,0,0,0.572603626959773,0,-0.880719410177732,0.440359705088866,1,11,0.443789010061488
-41.7153779686532,-333.723023749226,-3161.54384335522,-4.06261493683556,465.116279069767,0.145831810968541,-1,2,8,0,0,0,2,0,-6,3,0,-0.14,0.26,0.12,-0.2,0,0,0.319999999999999,0,0,0,1,-0.28583181096854,0.551663621937081,1.28665448774832,-0.2,0,0,0.61166362193708,0,-0.874990865811243,0.437495432905622,1,8,0.437320113448667
-36.7435822805931,-440.922987367118,-5342.47907468418,-6.65306642411944,465.116279069767,0.085814695057603,-1,0.200000000000003,12,0,0,0,1.59999999999999,0,-10.4,5.2,0,-0.0833333333333333,-0.0033333333333328,0,-0.2,0,0,0.173333333333333,0,-0.0266666666666667,0.0133333333333334,1,-0.169148028390936,0.013829605678188,1.02977634069124,-0.2,0,0,0.310636845425497,0,-0.919139495265738,0.459569747632869,1,12,0.492665117802808
-36.1222141373092,-325.099927235783,-4284.04907468418,-37.451929609791,465.116279069768,0.0998271359651743,-1,3.2,9,0,0,1,1.59999999999999,0,-8.4,4.2,0,-0.111111111111111,0.335555555555556,0,-0.2,0,0.111111111111111,0.217777777777778,0,-0.0933333333333334,0.0466666666666667,1,-0.210938247076285,0.655002390644114,0.898444223686569,-0.2,0,0.210938247076285,0.377501195322056,0,-0.931881275440798,0.465940637720399,1,9,0.526747105615835
-33.0283942939108,-429.369125820841,-6273.53215300657,-44.025873252225,465.116279069767,0.0671217418748283,-1,2.2,13,0,0,0,0.599999999999994,0,-12.4,6.2,0,-0.0769230769230769,0.149230769230769,0,-0.2,0,0,0.0861538461538454,0,-0.113846153846154,0.056923076923077,1,-0.144044818797905,0.296898601355392,0.872582644372768,-0.2,0,0,0.126426891278742,0,-0.946155753094025,0.473077876547012,1,13,0.534021824353155
-44.334608388056,-266.007650328336,-2434.00361202627,-5.91670167190107,465.116279069768,0.188660187326341,-1,-1.2,6,1,1,0,2.4,0,-4.6,2.3,0,-0.182608695652174,-0.239130434782608,0.0956521739130434,-0.0173913043478261,0.182608695652174,0,0.478260869565217,0,0,0,1,-0.371268882978515,-0.465522659574218,1.22761329787109,0.171268882978515,0.371268882978515,0,0.931045319148436,0,-0.867836861701169,0.433918430850585,1,6,0.448910949200964
-39.584608388056,-435.430692268616,-4582.90122769075,1.09476958059721,469.942383370172,0.102781432448222,-1,-0.599999999999998,11,0,0,0,2.2,0,-8.8,4.4,0,-0.0954545454545454,-0.0772727272727269,0.0499999999999998,-0.2,0,0,0.249999999999999,0,0,0,1,-0.198235977902767,-0.13894158674166,1.18059575693044,-0.2,0,0,0.476119151386087,0,-0.904476605544352,0.452238302772176,1,11,0.458590271407145
-35.3230692268616,-423.87683072234,-5513.95430601313,-20.9426690348658,465.116279069768,0.0805544597187751,-1,1.40000000000001,12,0,0,0,1.19999999999999,0,-10.8,5.4,0,-0.0833333333333333,0.0966666666666674,0,-0.2,0,0,0.139999999999999,0,-0.0600000000000001,0.0300000000000001,1,-0.163887793052108,0.209442910272953,0.966653516625301,-0.2,0,0,0.236665351662528,0,-0.929988164962771,0.464994082481386,1,12,0.508477976189705
-31.7171514750818,-412.322969176063,-6445.00738433552,-57.2162756621447,465.116279069767,0.0632892996211326,-1,3.40000000000001,13,0,0,0,0.199999999999989,0,-12.8,6.4,0,-0.0769230769230769,0.241538461538462,0,-0.2,0,0,0.0553846153846145,0,-0.144615384615385,0.0723076923076924,1,-0.140212376544209,0.456722080250313,0.822760895074723,-0.2,0,0,0.0680424753088403,0,-0.954718419765882,0.477359209882941,1,13,0.548618309017983
-42.9938397170116,-429.938397170116,-3823.32338069731,-7.50087128179064,465.116279069767,0.11969047925643,-1,-1.4,10,0,0,0,2.8,0,-7.2,3.6,0,-0.116666666666667,-0.183333333333333,0.166666666666666,-0.2,0,0,0.366666666666666,0,0,0,1,-0.236357145923097,-0.350900004292335,1.36357145923097,-0.2,0,0,0.701800008584671,0,-0.861771450646299,0.430885725323149,1,10,0.423088540900459
-38.0349577839854,-418.384535623839,-4754.3764590197,4.4582812224012,484.769848698644,0.102900587308965,-1,0.599999999999998,11,0,0,0,1.8,0,-9.2,4.6,0,-0.0913043478260869,0.0347826086956525,0.00434782608695639,-0.2,0,0,0.204347826086956,0,0,0,1,-0.194204935135052,0.0965229610810313,1.13625428648557,-0.2,0,0,0.389568883243093,0,-0.946685403242479,0.473342701621239,1,11,0.468109066568632
-33.9025561731302,-406.830674077562,-5685.42953734209,-35.232271645612,465.116279069768,0.0756115267282205,-1,2.59999999999999,12,0,0,0,0.800000000000011,0,-11.2,5.6,0,-0.0833333333333333,0.196666666666667,0,-0.2,0,0,0.106666666666666,0,-0.0933333333333334,0.0466666666666667,1,-0.158944860061554,0.39325663616004,0.907338320738646,-0.2,0,0,0.167155888049243,0,-0.940182432689403,0.470091216344701,1,12,0.524290834576602
-30.4059086562527,-395.276812531285,-6616.48261566447,-70.4066780720643,465.116279069767,0.059655503373232,-1,4.59999999999999,13,0,0,0,-0.199999999999989,0,-13.2,6.6,0,-0.0769230769230769,0.333846153846154,0,-0.2,0,0,0.0246153846153838,0,-0.175384615384616,0.0876923076923078,1,-0.136578580296309,0.608261469363021,0.775521543852016,-0.2,0,0,0.0126842839407381,0,-0.962837259911278,0.481418629955639,1,13,0.563214793682811
-27.5579795545305,-358.253734208897,-6767.98092531582,-82.0603941990908,465.116279069767,0.0565982512506567,-1,4.8,13,1,0,0,-1.59999999999999,0,-13.6,6.8,0,-0.0769230769230769,0.34923076923077,0,-0.123076923076923,0,0,-0.0830769230769235,0,-0.206153846153846,0.103076923076923,1,-0.133521328173734,0.620902375233922,0.735777266258537,-0.0664786718262664,0,0,-0.173634125077974,0,-0.975890063162777,0.487945031581388,1,13,0.576110783012787
-47.4863185671609,-427.376867104448,-3255.19768671044,-17.1741530065668,465.116279069768,0.137608271194082,-1,-3,9,0,0,1,4,0,-6,3,0,-0.14,-0.439999999999999,0.26,-0.2,0,0.14,0.6,0,0,0,1,-0.277608271194082,-0.852824813582247,1.49847444074674,-0.2,0,0.277608271194082,1.15043308477633,0,-0.825649627164495,0.412824813582247,1,9,0.400244238520655
-41.2892240525338,-412.892240525338,-3994.79861202627,-2.97684977527066,465.116279069767,0.115685288340502,-1,-0.200000000000003,10,0,0,0,2.40000000000001,0,-7.6,3.8,0,-0.110526315789474,-0.0421052631578944,0.105263157894737,-0.2,0,0,0.305263157894736,0,0,0,1,-0.226211604129976,-0.0652423208259952,1.26211604129976,-0.2,0,0,0.582907849911942,0,-0.879208191387817,0.439604095693909,1,10,0.442063970964736
-36.4853071799147,-401.338378979061,-4925.85169034865,-9.25117598970955,465.116279069767,0.0925454381773706,-1,1.8,11,0,0,0,1.40000000000001,0,-9.6,4.8,0,-0.0909090909090909,0.143636363636364,0,-0.2,0,0,0.167272727272727,0,-0.0327272727272728,0.0163636363636364,1,-0.183454529086462,0.310218152355631,1.01799981995108,-0.2,0,0,0.296836340721047,0,-0.921163479230031,0.460581739615015,1,11,0.495540182964062
-35.5892240525338,-355.892240525338,-4126.32,5.28992313289554,488.435999705912,0.11965284389936,-1,-1,10,2,0,0,0,0,-8,4,0,-0.105,-0.125,0.0499999999999998,0.00999999999999996,0,0,0.0399999999999998,0,0,0,1,-0.22465284389936,-0.24465284389936,1.2465284389936,0.24930568779872,0,0,0.0399999999999998,0,-0.957222751194881,0.478611375597441,1,10,0.44513124456505
-32.4820431193987,-389.784517432785,-5856.90476867104,-49.5218742563583,465.116279069767,0.0709580266758732,-1,3.8,12,0,0,0,0.400000000000006,0,-11.6,5.8,0,-0.0833333333333333,0.296666666666667,0,-0.2,0,0,0.0733333333333325,0,-0.126666666666667,0.0633333333333334,1,-0.154291360009207,0.566307168034985,0.851496320110479,-0.2,0,0,0.101716544003682,0,-0.949779776106796,0.474889888053398,1,12,0.5401036929635
-39.5846083880561,-395.846083880561,-4166.27384335522,1.09476958059733,469.942383370173,0.113059575693044,-1,1,10,0,0,0,2,0,-8,4,0,-0.105,0.0850000000000001,0.0499999999999998,-0.2,0,0,0.249999999999999,0,0,0,1,-0.218059575693044,0.198059575693044,1.18059575693044,-0.2,0,0,0.476119151386087,0,-0.904476605544353,0.452238302772177,1,10,0.458590271407145
-34.935656575844,-384.292222334283,-5097.32692167761,-24.839833383251,465.116279069767,0.0863739862974326,-1,3,11,0,0,0,1,0,-10,5,0,-0.0909090909090909,0.252727272727273,0,-0.2,0,0,0.13090909090909,0,-0.0690909090909093,0.0345454545454547,1,-0.177283077206524,0.511849231619571,0.950113849271759,-0.2,0,0,0.217283077206523,0,-0.932830772065236,0.466415386032618,1,11,0.512790573931586
-31.0615300656672,-372.738360788007,-6028.38,-63.8114768671046,465.116279069767,0.0665692610954623,-1,5,12,0,0,0,0,0,-12,6,0,-0.0833333333333333,0.396666666666667,0,-0.2,0,0,0.0399999999999991,0,-0.16,0.0800000000000001,1,-0.149902594428796,0.729512972143979,0.798831133145547,-0.2,0,0,0.0399999999999991,0,-0.958831133145547,0.479415566572774,1,12,0.555916551350397
-41.0051214417875,-492.06145730145,-4828.05338069731,-2.26874206120686,465.116279069768,0.0958662840926817,-1,-2.4,12,0,0,0,2.8,0,-9.2,4.6,0,-0.0913043478260869,-0.239130434782608,0.0956521739130434,-0.2,0,0,0.295652173913043,0,0,0,1,-0.187170631918769,-0.469209516605045,1.24604758302522,-0.2,0,0,0.564077769372552,0,-0.881969813652671,0.440984906826336,1,12,0.445226542642115
-30.4933248441747,-457.39987266262,-7621.21261566448,-69.527317911403,465.116279069767,0.0519063016750483,-1,3.59999999999999,15,0,0,0,-0.199999999999989,0,-15.2,7.6,0,-0.0666666666666667,0.22,0,-0.2,0,0,0.026666666666666,0,-0.173333333333333,0.0866666666666667,1,-0.118572968341715,0.406862686030174,0.778594525125725,-0.2,0,0,0.0162854063316569,0,-0.962309118794068,0.481154559397034,1,15,0.562241694705156
-44.4933983974371,-311.45378878206,-3233.53530237492,-23.3800914920933,465.116279069767,0.136610906104298,-1,-3.4,7,1,1,2,3.8,0,-6.2,3.1,0,-0.142857142857143,-0.505714285714286,0,-0.0571428571428572,0.142857142857143,0.285714285714286,0.582857142857142,0,-0.0457142857142857,0.0228571428571429,1,-0.279468048961441,-0.970191366468899,0.956276342730088,0.0794680489614411,0.279468048961441,0.558936097922882,1.10197858605348,0,-0.892701903560935,0.446350951780467,1,7,0.511175225175216
-43.6560369594846,-305.592258716392,-2850.63099636179,-4.87796519004937,465.116279069767,0.161451381980731,-1,-1.8,7,1,1,0,2.59999999999999,0,-5.4,2.7,0,-0.155555555555556,-0.299999999999999,0.0888888888888888,-0.0444444444444445,0.155555555555556,0,0.444444444444444,0,0,0,1,-0.317006937536286,-0.590612487565314,1.219048562754,0.117006937536286,0.317006937536286,0,0.864218037594343,0,-0.871837462695946,0.435918731347973,1,7,0.450643585176399
-36.7547996462644,-294.038397170116,-3781.68407468418,-34.1569862026267,465.116279069768,0.113959623373122,-1,0.200000000000003,8,1,1,0,1.59999999999999,0,-7.4,3.7,0,-0.125,0.00500000000000045,0,-0.075,0.125,0,0.239999999999999,0,-0.0850000000000001,0.0425000000000001,1,-0.238959623373122,0.0277919246746251,0.911676986984973,0.0389596233731216,0.238959623373122,0,0.422335397396993,0,-0.9283012129611,0.46415060648055,1,8,0.523100924899014
-39.9102489472598,-359.192240525338,-3941.09861202627,0.653677352199026,467.997903784627,0.118913944377523,-1,1.8,9,0,0,1,2.40000000000001,0,-7.6,3.8,0,-0.111111111111111,0.180000000000001,0,-0.2,0,0.111111111111111,0.306666666666665,0,-0.00444444444444461,0.0022222222222223,1,-0.230025055488634,0.394045099879542,1.07022549939771,-0.2,0,0.230025055488634,0.592060133172722,0,-0.908190421713621,0.454095210856811,1,9,0.483039166646788
-35.6508799315689,-463.461439110396,-5930.58169034865,-17.6450684323857,465.116279069768,0.0754514875607548,-1,0.799999999999997,13,0,0,0,1.40000000000001,0,-11.6,5.8,0,-0.0769230769230769,0.041538461538462,0,-0.2,0,0,0.147692307692307,0,-0.0523076923076925,0.0261538461538462,1,-0.152374564483832,0.101899651587066,0.980869338289813,-0.2,0,0,0.253324390277364,0,-0.927544948012448,0.463772474006224,1,13,0.504828855023498
-34.7638378979061,-347.638378979061,-4872.15169034866,-48.6616459019702,465.116279069767,0.0854765326770841,-1,3.8,10,0,0,1,1.40000000000001,0,-9.6,4.8,0,-0.1,0.360000000000001,0,-0.2,0,0.1,0.179999999999999,0,-0.12,0.0600000000000001,1,-0.185476532677084,0.68481082417292,0.854765326770841,-0.2,0,0.185476532677084,0.299667145747917,0,-0.940574713700008,0.470287356850004,1,10,0.539151765221429
-32.2791126831514,-451.907577564119,-6861.63476867104,-51.5632460578935,465.116279069767,0.0602703359992404,-1,2.8,14,0,0,0,0.400000000000006,0,-13.6,6.8,0,-0.0714285714285714,0.180000000000001,0,-0.2,0,0,0.0685714285714277,0,-0.131428571428572,0.0657142857142858,1,-0.131698907427812,0.348756940797874,0.843784703989366,-0.2,0,0,0.0926795629711242,0,-0.951105141018241,0.47555257050912,1,14,0.542362672733057
-41.2208717245164,-288.546102071615,-3022.10622769074,0.869172915615324,468.947879088794,0.155460138263706,-1,-0.600000000000001,7,1,1,0,2.2,0,-5.8,2.9,0,-0.144827586206897,-0.106896551724138,0.0137931034482758,-0.0551724137931035,0.144827586206897,0,0.358620689655172,0,0,0,1,-0.300287724470602,-0.200172634682361,1.10201407129422,0.100287724470602,0.300287724470602,0,0.700632993835325,0,-0.901668801929494,0.450834400964747,1,7,0.475734208279727
-34.6240300656673,-276.992240525338,-3953.15930601313,-55.5913901187462,465.116279069767,0.103594329813143,-1,1.4,8,1,1,0,1.2,0,-7.8,3.9,0,-0.125,0.155,0,-0.075,0.125,0,0.189999999999999,0,-0.135,0.0675000000000001,1,-0.228594329813143,0.300032061738401,0.828754638505146,0.0285943298131433,0.228594329813143,0,0.314313195775771,0,-0.943035772542518,0.471517886271259,1,8,0.54682021247936
-29.4931532198957,-265.438378979061,-4884.21238433552,-104.136741793274,465.116279069768,0.0739074202494173,-1,3.4,9,1,1,0,0.199999999999996,0,-9.8,4.9,0,-0.111111111111111,0.357777777777778,0,-0.0888888888888889,0.111111111111111,0,0.0622222222222222,0,-0.248888888888889,0.124444444444444,1,-0.185018531360528,0.609063006625797,0.665166782244756,-0.0149814686394716,0.185018531360528,0,0.0770037062721053,0,-0.973181607333178,0.486590803666589,1,9,0.600540444754689
-31.0615300656673,-434.861420919342,-7033.11,-63.8114768671046,465.116279069767,0.0570593666532534,-1,4,14,0,0,0,0,0,-14,7,0,-0.0714285714285714,0.265714285714286,0,-0.2,0,0,0.0399999999999991,0,-0.16,0.0800000000000001,1,-0.128487938081825,0.4939517523273,0.798831133145547,-0.2,0,0,0.0399999999999991,0,-0.958831133145547,0.479415566572774,1,14,0.555916551350397
-41.1342589921267,-452.476848913394,-4411.42599636179,-2.58907650328335,465.116279069768,0.104847548830682,-1,-0.799999999999997,11,0,0,0,2.59999999999999,0,-8.4,4.2,0,-0.1,-0.0999999999999996,0.0999999999999998,-0.2,0,0,0.299999999999999,0,0,0,1,-0.204847548830682,-0.183878039064545,1.25332303713751,-0.2,0,0,0.572603626959773,0,-0.880719410177732,0.440359705088866,1,11,0.443789010061488
-32.4932604850701,-259.946083880561,-4124.63453734209,-77.0257940348656,465.116279069767,0.0940908779969115,-1,2.6,8,1,1,0,0.800000000000004,0,-8.2,4.1,0,-0.125,0.305,0,-0.075,0.125,0,0.139999999999999,0,-0.185,0.0925000000000001,1,-0.219090877996911,0.54963628279197,0.752727023975292,0.0190908779969115,0.219090877996911,0,0.215272702397529,0,-0.956545199574674,0.478272599787337,1,8,0.570539500059706
-33.0283942939108,-429.369125820841,-6273.53215300657,-44.025873252225,465.116279069767,0.0671217418748283,-1,3.2,13,0,0,0,0.599999999999994,0,-12.4,6.2,0,-0.0769230769230769,0.226153846153846,0,-0.2,0,0,0.0861538461538454,0,-0.113846153846154,0.056923076923077,1,-0.144044818797905,0.440943420153297,0.872582644372768,-0.2,0,0,0.126426891278742,0,-0.946155753094025,0.473077876547012,1,13,0.534021824353155
-29.8439474481831,-417.815264274564,-7204.58523132896,-76.0597076763156,465.116279069767,0.0540012448879984,-1,5.2,14,0,0,0,-0.400000000000006,0,-14.4,7.2,0,-0.0714285714285714,0.351428571428572,0,-0.2,0,0,0.0114285714285707,0,-0.188571428571429,0.0942857142857143,1,-0.12542981631657,0.632235044846164,0.756017428431978,-0.2,0,0,-0.010171926526629,0,-0.966189354958606,0.483094677479303,1,14,0.569470429967738
-24.6692213238756,-394.70754118201,-9066.69138797373,-128.114688615463,465.116279069768,0.0371691917187466,-1,9.2,16,0,0,0,-2.39999999999999,0,-18.4,9.2,0,-0.0625,0.555,0,-0.2,0,0,-0.110000000000001,0,-0.31,0.155,1,-0.0996691917187466,0.896956563812469,0.594707067499946,-0.2,0,0,-0.199206060124993,0,-0.993913127624938,0.496956563812469,1,16,0.627074414091435
-39.584608388056,-435.430692268616,-4582.90122769075,1.09476958059721,469.942383370172,0.102781432448222,-1,0.400000000000002,11,0,0,0,2.2,0,-8.8,4.4,0,-0.0954545454545454,0.0181818181818185,0.0499999999999998,-0.2,0,0,0.249999999999999,0,0,0,1,-0.198235977902767,0.0592943911611074,1.18059575693044,-0.2,0,0,0.476119151386087,0,-0.904476605544352,0.452238302772176,1,11,0.458590271407145
-35.3230692268616,-423.87683072234,-5513.95430601313,-20.9426690348657,465.116279069768,0.0805544597187751,-1,2.40000000000001,12,0,0,0,1.19999999999999,0,-10.8,5.4,0,-0.0833333333333333,0.18,0,-0.2,0,0,0.139999999999999,0,-0.0600000000000001,0.0300000000000001,1,-0.163887793052108,0.373330703325061,0.966653516625302,-0.2,0,0,0.236665351662528,0,-0.929988164962772,0.464994082481386,1,12,0.508477976189705
-34.4027902062379,-378.430692268617,-4714.42261566448,8.1062408330954,500.851254207983,0.107957545713017,-1,-0.400000000000002,11,2,0,0,-0.199999999999996,0,-9.2,4.6,0,-0.0913043478260869,-0.0565217391304344,0.00434782608695639,-0.0173913043478261,0,0,0.021739130434782,0,0,0,1,-0.199261893539104,-0.0997047574156414,1.19188082893014,0.198523787078208,0,0,0.000147621292179032,0,-0.993209420559755,0.496604710279878,1,11,0.456229183083873
-31.7171514750818,-412.322969176063,-6445.00738433552,-57.2162756621447,465.116279069767,0.0632892996211326,-1,4.40000000000001,13,0,0,0,0.199999999999989,0,-12.8,6.4,0,-0.0769230769230769,0.318461538461539,0,-0.2,0,0,0.0553846153846145,0,-0.144615384615385,0.0723076923076924,1,-0.140212376544209,0.596934456794523,0.822760895074723,-0.2,0,0,0.0680424753088403,0,-0.954718419765882,0.477359209882941,1,13,0.548618309017983
-32.8531396021672,-361.384535623839,-4885.89784699343,-5.61900841196204,465.116279069768,0.0940456155751516,-1,0.799999999999997,11,2,0,0,-0.599999999999994,0,-9.6,4.8,0,-0.0909090909090909,0.052727272727273,0,-0.0181818181818182,0,0,-0.0145454545454552,0,-0.0327272727272728,0.0163636363636364,1,-0.184954706484243,0.127963765187394,1.03450177132667,0.169909412968485,0,0,-0.0709728238905457,0,-0.935565182248729,0.467782591124364,1,11,0.491520830354409
-37.1494431530878,-520.09220414323,-6175.73384335522,-2.57032282104893,465.116279069767,0.074897326857179,-1,-1,14,0,0,0,2,0,-12,6,0,-0.0714285714285714,-0.091428571428571,0,-0.2,0,0,0.182857142857142,0,-0.0171428571428573,0.00857142857142863,1,-0.14632589828575,-0.16632589828575,1.04856257600051,-0.2,0,0,0.3326517965715,0,-0.915910779429005,0.457955389714503,1,14,0.488147158263694
-32.4820431193987,-389.784517432785,-5856.90476867104,-49.5218742563583,465.116279069767,0.0709580266758732,-1,4.8,12,0,0,0,0.400000000000006,0,-11.6,5.8,0,-0.0833333333333333,0.38,0,-0.2,0,0,0.0733333333333325,0,-0.126666666666667,0.0633333333333334,1,-0.154291360009207,0.720598528044192,0.851496320110479,-0.2,0,0,0.101716544003682,0,-0.949779776106796,0.474889888053398,1,12,0.5401036929635
-40.0354953161843,-520.461439110396,-5799.06030237492,-7.52803858825244,465.116279069768,0.078907308533094,-1,-3.40000000000001,13,0,0,2,3.80000000000001,0,-11.2,5.6,0,-0.0769230769230769,-0.281538461538461,0,-0.2,0,0.153846153846154,0.332307692307691,0,-0.0215384615384618,0.0107692307692309,1,-0.155830385456171,-0.549823310550981,1.02579501093022,-0.2,0,0.311660770912342,0.632155464733449,0,-0.905300317109114,0.452650158554557,1,13,0.493633361028376
-36.3505412545799,-508.907577564119,-6730.11338069731,-42.1688612026267,465.116279069767,0.062844025641559,-1,-1.40000000000001,14,0,0,2,2.80000000000001,0,-13.2,6.6,0,-0.0714285714285714,-0.119999999999999,0,-0.2,0,0.142857142857143,0.239999999999999,0,-0.102857142857143,0.0514285714285715,1,-0.13427259707013,-0.207981635898182,0.879816358981826,-0.2,0,0.268545194140261,0.415963271796364,0,-0.932398281325721,0.466199140662861,1,14,0.531966856880443
-39.5846083880561,-395.846083880561,-4166.27384335522,1.0947695805973,469.942383370172,0.113059575693044,-1,2,10,0,0,0,2,0,-8,4,0,-0.105,0.19,0.0499999999999998,-0.2,0,0,0.249999999999999,0,0,0,1,-0.218059575693044,0.416119151386089,1.18059575693044,-0.2,0,0,0.476119151386087,0,-0.904476605544353,0.452238302772177,1,10,0.458590271407145
-32.2069144011895,-322.069144011895,-5129.36453734209,-74.3829306013133,465.116279069767,0.0761757807665826,-1,1.6,10,1,1,0,0.800000000000004,0,-10.2,5.1,0,-0.1,0.14,0,-0.1,0.1,0,0.119999999999999,0,-0.18,0.0900000000000001,1,-0.176175780766583,0.261881249226532,0.761757807665826,-0.0238242192334174,0.176175780766583,0,0.180940624613265,0,-0.956992963819142,0.478496481909571,1,10,0.567614910317845
-34.935656575844,-384.292222334283,-5097.32692167761,-24.839833383251,465.116279069767,0.0863739862974326,-1,4,11,0,0,0,1,0,-10,5,0,-0.0909090909090909,0.343636363636364,0,-0.2,0,0,0.13090909090909,0,-0.0690909090909093,0.0345454545454547,1,-0.177283077206524,0.689132308826095,0.950113849271759,-0.2,0,0,0.217283077206523,0,-0.932830772065236,0.466415386032618,1,11,0.512790573931586
-32.766145730145,-491.492185952175,-7278.26215300657,-46.6639537342088,465.116279069767,0.0574934395792134,-1,2.2,15,0,0,0,0.599999999999994,0,-14.4,7.2,0,-0.0666666666666667,0.126666666666667,0,-0.2,0,0,0.0799999999999992,0,-0.12,0.0600000000000001,1,-0.12416010624588,0.253152233740937,0.862401593688201,-0.2,0,0,0.114496063747527,0,-0.947905529940673,0.473952764970337,1,15,0.53694112128612
-38.7242524973553,-503.415282465618,-5970.53553370388,-20.718440998172,465.116279069767,0.074431821997031,-1,-2.2,13,0,0,2,3.40000000000001,0,-11.6,5.8,0,-0.0769230769230769,-0.189230769230769,0,-0.2,0,0.153846153846154,0.301538461538461,0,-0.0523076923076925,0.0261538461538462,1,-0.151354898920108,-0.352980777624237,0.967613685961403,-0.2,0,0.302709797840216,0.554606656328367,0,-0.915716827473252,0.457858413736626,1,13,0.508229845693204
-43.3726431980066,-390.35378878206,-3406.69599636179,-8.57532638958929,465.116279069767,0.134012824498501,-1,1.2,9,0,0,0,2.59999999999999,0,-6.4,3.2,0,-0.13125,0.1375,0.18125,-0.2,0,0,0.381249999999999,0,0,0,1,-0.265262824498501,0.298315389398202,1.38736542048651,-0.2,0,0,0.729683343696101,0,-0.857682076790406,0.428841038395203,1,9,0.418871778663953
-38.273365569227,-497.553752399951,-5587.63122769075,3.95998320139331,482.5731871685,0.0870732427649789,-1,-0.599999999999994,13,0,0,0,2.19999999999999,0,-10.8,5.4,0,-0.0777777777777778,-0.0666666666666663,0.0111111111111109,-0.2,0,0,0.21111111111111,0,0,0,1,-0.164851020542757,-0.118910612325653,1.14306326705584,-0.2,0,0,0.402672245194063,0,-0.940391021861773,0.470195510930886,1,13,0.46662178171427
-34.7142779181196,-485.999890853675,-6518.68430601313,-27.0667844394711,465.116279069767,0.0671990656498305,-1,1.40000000000001,14,0,0,0,1.19999999999999,0,-12.8,6.4,0,-0.0714285714285714,0.0800000000000003,0,-0.2,0,0,0.125714285714285,0,-0.0742857142857144,0.0371428571428572,1,-0.138627637078402,0.174078691909763,0.940786919097627,-0.2,0,0,0.206353164494081,0,-0.934433754603545,0.467216877301772,1,14,0.515254915498375
-26.6790114382582,-293.469125820841,-6231.89284699343,-127.982190230144,465.116279069767,0.0540981844709145,-1,4.8,11,1,1,0,-0.599999999999994,0,-12.6,6.3,0,-0.0909090909090909,0.416363636363637,0,-0.109090909090909,0.0909090909090909,0,-0.0145454545454555,0,-0.305454545454546,0.152727272727273,1,-0.145007275380005,0.676034921824027,0.59508002918006,-0.0549927246199946,0.145007275380005,0,-0.0470043652280039,0,-0.987091669788069,0.493545834894034,1,11,0.626927791525321
-41.4935822805931,-497.922987367117,-5210.95768671044,0.833077449218187,468.788758403774,0.0901219821935367,-1,-3,12,0,0,2,4,0,-10,5,0,-0.084,-0.272,0.00799999999999997,-0.2,0,0.168,0.376,0,0,0,1,-0.174121982193537,-0.54236594658061,1.08946378632244,-0.2,0,0.348243964387073,0.736487928774146,0,-0.901219821935367,0.450609910967684,1,12,0.478591687755474
-41.0051214417875,-492.06145730145,-4828.05338069731,-2.26874206120681,465.116279069767,0.0958662840926817,-1,-1.4,12,0,0,0,2.8,0,-9.2,4.6,0,-0.0913043478260869,-0.147826086956521,0.0956521739130434,-0.2,0,0,0.295652173913043,0,0,0,1,-0.187170631918769,-0.282038884686276,1.24604758302522,-0.2,0,0,0.564077769372552,0,-0.881969813652671,0.440984906826336,1,12,0.445226542642115
-41.4786257930313,-373.307632137282,-3578.17122769074,-3.45586381713765,465.116279069767,0.129021331254338,-1,2.4,9,0,0,0,2.2,0,-6.8,3.4,0,-0.123529411764706,0.276470588235294,0.111764705882353,-0.2,0,0,0.311764705882352,0,0,0,1,-0.252550743019044,0.586121783245706,1.2729566871714,-0.2,0,0,0.595611634641897,0,-0.8773450525295,0.43867252626475,1,9,0.439955589846483
-36.962122750398,-480.507595755173,-5759.1064590197,-4.45466602246605,465.116279069767,0.0799883829766387,-1,0.599999999999994,13,0,0,0,1.80000000000001,0,-11.2,5.6,0,-0.0769230769230769,0.0261538461538467,0,-0.2,0,0,0.178461538461537,0,-0.0215384615384618,0.0107692307692309,1,-0.156911459899716,0.0741468759398295,1.0398489786963,-0.2,0,0,0.322440627819488,0,-0.917408350876815,0.458704175438408,1,13,0.490232370358669
-33.4966953006355,-468.953734208897,-6690.15953734209,-39.3150152486823,465.116279069768,0.0636459058180024,-1,2.59999999999999,14,0,0,0,0.800000000000011,0,-13.2,6.6,0,-0.0714285714285714,0.165714285714286,0,-0.2,0,0,0.0971428571428554,0,-0.102857142857143,0.0514285714285715,1,-0.135074477246574,0.331193640841092,0.891042681452034,-0.2,0,0,0.148059581797258,0,-0.942983099654775,0.471491549827388,1,14,0.528808794115716
-30.4933248441747,-457.39987266262,-7621.21261566448,-69.5273179114029,465.116279069767,0.0519063016750483,-1,4.59999999999999,15,0,0,0,-0.199999999999989,0,-15.2,7.6,0,-0.0666666666666667,0.286666666666667,0,-0.2,0,0,0.026666666666666,0,-0.173333333333333,0.0866666666666667,1,-0.118572968341715,0.525435654371889,0.778594525125725,-0.2,0,0,0.0162854063316569,0,-0.962309118794068,0.481154559397034,1,15,0.562241694705156
-36.7547996462644,-294.038397170116,-3781.68407468418,-34.1569862026267,465.116279069767,0.113959623373122,-1,1.2,8,1,1,0,1.59999999999999,0,-7.4,3.7,0,-0.125,0.13,0,-0.075,0.125,0,0.239999999999999,0,-0.0850000000000001,0.0425000000000001,1,-0.238959623373122,0.266751548047747,0.911676986984973,0.0389596233731216,0.238959623373122,0,0.422335397396993,0,-0.9283012129611,0.46415060648055,1,8,0.523100924899014
-35.6508799315689,-463.461439110396,-5930.58169034865,-17.6450684323856,465.116279069767,0.0754514875607548,-1,1.8,13,0,0,0,1.40000000000001,0,-11.6,5.8,0,-0.0769230769230769,0.118461538461539,0,-0.2,0,0,0.147692307692307,0,-0.0523076923076925,0.0261538461538462,1,-0.152374564483832,0.254274216070897,0.980869338289813,-0.2,0,0,0.253324390277364,0,-0.927544948012448,0.463772474006224,1,13,0.504828855023498
-32.2791126831514,-451.907577564119,-6861.63476867104,-51.5632460578933,465.116279069767,0.0602703359992404,-1,3.8,14,0,0,0,0.400000000000006,0,-13.6,6.8,0,-0.0714285714285714,0.251428571428572,0,-0.2,0,0,0.0685714285714277,0,-0.131428571428572,0.0657142857142858,1,-0.131698907427812,0.480455848225685,0.843784703989366,-0.2,0,0,0.0926795629711242,0,-0.951105141018241,0.475552570509121,1,14,0.542362672733057
-42.6839095961974,-469.523005558172,-4239.95076503283,-6.64130719555195,465.116279069767,0.108132145225669,-1,-1,11,0,0,0,3,0,-8,4,0,-0.105,-0.125,0.155,-0.2,0,0,0.354999999999999,0,0,0,1,-0.213132145225669,-0.233132145225668,1.34445359748236,-0.2,0,0,0.679396435677005,0,-0.86505716180535,0.432528580902675,1,11,0.426538619093964
-34.6240300656673,-276.992240525338,-3953.15930601313,-55.5913901187462,465.116279069767,0.103594329813143,-1,2.4,8,1,1,0,1.2,0,-7.8,3.9,0,-0.125,0.28,0,-0.075,0.125,0,0.189999999999999,0,-0.135,0.0675000000000001,1,-0.228594329813143,0.528626391551544,0.828754638505146,0.0285943298131433,0.228594329813143,0,0.314313195775771,0,-0.943035772542518,0.471517886271259,1,8,0.54682021247936
-31.0615300656673,-434.861420919342,-7033.11,-63.8114768671045,465.116279069767,0.0570593666532534,-1,5,14,0,0,0,0,0,-14,7,0,-0.0714285714285714,0.337142857142858,0,-0.2,0,0,0.0399999999999991,0,-0.16,0.0800000000000001,1,-0.128487938081825,0.622439690409125,0.798831133145548,-0.2,0,0,0.0399999999999991,0,-0.958831133145548,0.479415566572774,1,14,0.555916551350397
-28.2205039582043,-423.307559373065,-7964.16307832239,-92.390682088597,465.116279069768,0.0468003471696468,-1,7,15,0,0,0,-1,0,-16,8,0,-0.0666666666666667,0.446666666666667,0,-0.2,0,0,-0.0266666666666673,0,-0.226666666666667,0.113333333333333,1,-0.113467013836313,0.774269096854194,0.702005207544702,-0.2,0,0,-0.0734670138363141,0,-0.975472221381015,0.487736110690508,1,15,0.587542268124192
-47.6640953343246,-285.984572005948,-2453.98053370388,-9.56466128259526,465.116279069768,0.185637828634114,-1,-1.2,6,1,1,1,3.4,0,-4.6,2.3,0,-0.182608695652174,-0.239130434782608,0.0956521739130434,-0.0173913043478261,0.182608695652174,0.182608695652174,0.66086956521739,0,0,0,1,-0.368246524286288,-0.461895829143545,1.20947914571773,0.168246524286288,0.368246524286288,0.368246524286288,1.29203818257338,0,-0.853934011716925,0.426967005858462,1,6,0.452595355759812
-41.1342589921267,-452.476848913394,-4411.42599636179,-2.58907650328336,465.116279069768,0.104847548830682,-1,0.200000000000003,11,0,0,0,2.59999999999999,0,-8.4,4.2,0,-0.1,3.33066907387547e-16,0.0999999999999998,-0.2,0,0,0.299999999999999,0,0,0,1,-0.204847548830682,0.0209695097661371,1.25332303713751,-0.2,0,0,0.572603626959772,0,-0.880719410177731,0.440359705088866,1,11,0.443789010061488
-44.8230692268616,-268.93841536117,-2625.45576503283,-2.52304539262059,465.116279069767,0.176195401894864,-1,0,6,1,1,1,3,0,-5,2.5,0,-0.168,-0.0199999999999999,0.00799999999999997,-0.032,0.168,0.168,0.544,0,0,0,1,-0.344195401894864,-0.0199999999999999,1.06517241136918,0.144195401894864,0.344195401894864,0.344195401894864,1.07258620568459,0,-0.880977009474318,0.440488504737159,1,6,0.484221072533607
-39.584608388056,-554.184517432785,-5832.78338069731,1.09476958059724,469.942383370172,0.0807568397807458,-1,-2.40000000000001,14,0,0,0,2.80000000000001,0,-11.2,5.6,0,-0.075,-0.199999999999999,0.0499999999999998,-0.2,0,0,0.249999999999999,0,0,0,1,-0.155756839780746,-0.39381641547379,1.18059575693044,-0.2,0,0,0.476119151386088,0,-0.904476605544353,0.452238302772176,1,14,0.458590271407145
-36.1753770591005,-542.630655886508,-6763.8364590197,-12.3689074684179,465.116279069767,0.0669364752303558,-1,-0.400000000000006,15,0,0,0,1.80000000000001,0,-13.2,6.6,0,-0.0666666666666667,-0.0466666666666659,0,-0.2,0,0,0.159999999999999,0,-0.0400000000000002,0.0200000000000001,1,-0.133603141897022,-0.0734412567588086,1.00404712845534,-0.2,0,0,0.28048565541464,0,-0.923561473040697,0.461780736520348,1,15,0.498990261157567
-47.3749954522364,-378.999963617891,-2264.21384335522,-36.9313839717011,465.116279069767,0.189109741712188,-1,-6,8,3,0,1,2,0,-4,2,0,-0.21,-1.28,0.68,0.43,0,0.21,0.459999999999999,0,0,0,1,-0.399109741712188,-2.41465845027313,2.1928779336975,0.997329225136564,0,0.399109741712188,0.838219483424375,0,-0.756438966848752,0.378219483424376,1,8,0.313197065708664
-38.7857064895482,-542.999890853674,-6387.1629180394,-17.6723995842045,465.116279069767,0.0700536193028422,-1,-2.8,14,0,0,2,3.59999999999999,0,-12.4,6.2,0,-0.0714285714285714,-0.22,0,-0.2,0,0.142857142857143,0.297142857142857,0,-0.0457142857142857,0.0228571428571429,1,-0.141482190731414,-0.416150134047958,0.980750670239791,-0.2,0,0.282964381462827,0.549335886633088,0,-0.914379165069529,0.457189582534765,1,14,0.504859099645762
-31.3279632504703,-344.607595755173,-5717.46715300657,-81.2162180495196,465.116279069768,0.0671451275095427,-1,2.2,11,1,1,0,0.599999999999994,0,-11.4,5.7,0,-0.0909090909090909,0.18,0,-0.109090909090909,0.0909090909090909,0,0.0945454545454538,0,-0.196363636363636,0.0981818181818182,1,-0.158054218418634,0.327719280520994,0.738596402604969,-0.0419457815813664,0.158054218418634,0,0.134832531051179,0,-0.961818089972423,0.480909044986211,1,11,0.575176618622748
-27.7544778507414,-333.053734208897,-6648.52023132896,-115.489829477851,465.116279069767,0.0525871077212667,-1,4.2,12,1,1,0,-0.400000000000006,0,-13.4,6.7,0,-0.0833333333333333,0.33,0,-0.116666666666667,0.0833333333333333,0,0.00666666666666571,0,-0.276666666666667,0.138333333333333,1,-0.1359204410546,0.55086585242932,0.6310452926552,-0.0640795589454,0.1359204410546,0,-0.0143681764218413,0,-0.98133391013164,0.49066695506582,1,12,0.613103758983962
-37.5681238720641,-525.953734208897,-6558.63814936836,-29.9206303934157,465.116279069767,0.066354575258625,-1,-1.59999999999999,14,0,0,2,3.19999999999999,0,-12.8,6.4,0,-0.0714285714285714,-0.134285714285714,0,-0.2,0,0.142857142857143,0.268571428571427,0,-0.0742857142857144,0.0371428571428572,1,-0.137783146687196,-0.240453034699513,0.92896405362075,-0.2,0,0.275566293374393,0.480906069399027,0,-0.923624277596115,0.461812138798057,1,14,0.518412978263103
-41.2892240525338,-412.892240525338,-3994.79861202627,-2.97684977527074,465.116279069767,0.115685288340502,-1,1.8,10,0,0,0,2.40000000000001,0,-7.6,3.8,0,-0.110526315789474,0.178947368421053,0.105263157894737,-0.2,0,0,0.305263157894736,0,0,0,1,-0.226211604129976,0.387180887433957,1.26211604129976,-0.2,0,0,0.582907849911942,0,-0.879208191387817,0.439604095693909,1,10,0.442063970964736
-37.1494431530878,-520.09220414323,-6175.73384335522,-2.57032282104892,465.116279069767,0.074897326857179,-1,0,14,0,0,0,2,0,-12,6,0,-0.0714285714285714,-0.0199999999999994,0,-0.2,0,0,0.182857142857142,0,-0.0171428571428573,0.00857142857142863,1,-0.14632589828575,-0.0199999999999994,1.04856257600051,-0.2,0,0,0.3326517965715,0,-0.915910779429006,0.457955389714503,1,14,0.488147158263694
-29.7783126463996,-327.561439110396,-5888.94238433552,-96.8048754430611,465.116279069767,0.0625428777510895,-1,3.40000000000001,11,1,1,0,0.199999999999989,0,-11.8,5.9,0,-0.0909090909090909,0.28909090909091,0,-0.109090909090909,0.0909090909090909,0,0.0581818181818172,0,-0.232727272727273,0.116363636363636,1,-0.15345196866018,0.501736693444614,0.687971655261985,-0.0465480313398196,0.15345196866018,0,0.0706903937320344,0,-0.970733230190129,0.485366615095065,1,11,0.592427009590273
-40.0354953161843,-520.461439110396,-5799.06030237492,-7.52803858825244,465.116279069768,0.078907308533094,-1,-2.40000000000001,13,0,0,2,3.80000000000001,0,-11.2,5.6,0,-0.0769230769230769,-0.204615384615384,0,-0.2,0,0.153846153846154,0.332307692307691,0,-0.0215384615384618,0.0107692307692309,1,-0.155830385456171,-0.39399292509481,1.02579501093022,-0.2,0,0.311660770912342,0.632155464733449,0,-0.905300317109114,0.452650158554557,1,13,0.493633361028376
-37.0692228397969,-333.623005558172,-4198.3114590197,-27.9255278692934,465.116279069768,0.104134901726076,-1,0.599999999999998,9,1,1,0,1.8,0,-8.2,4.1,0,-0.111111111111111,0.0466666666666671,0,-0.0888888888888889,0.111111111111111,0,0.239999999999999,0,-0.0711111111111112,0.0355555555555556,1,-0.215246012837187,0.109147607702312,0.937214115534682,0.0152460128371869,0.215246012837187,0,0.427442823106936,0,-0.925017305264932,0.462508652632466,1,9,0.51620520002457
-32.2069144011895,-322.069144011895,-5129.36453734209,-74.3829306013133,465.116279069767,0.0761757807665826,-1,2.6,10,1,1,0,0.800000000000004,0,-10.2,5.1,0,-0.1,0.24,0,-0.1,0.1,0,0.119999999999999,0,-0.18,0.0900000000000001,1,-0.176175780766583,0.438057029993115,0.761757807665826,-0.0238242192334174,0.176175780766583,0,0.180940624613265,0,-0.956992963819142,0.478496481909571,1,10,0.567614910317845
-35.202089760647,-387.222987367117,-5288.77907468418,-42.2445745656662,465.116279069767,0.0799563941946948,-1,4.2,11,0,0,1,1.59999999999999,0,-10.4,5.2,0,-0.0909090909090909,0.361818181818182,0,-0.2,0,0.0909090909090909,0.185454545454544,0,-0.105454545454546,0.0527272727272728,1,-0.170865485103786,0.697635037435901,0.879520336141643,-0.2,0,0.170865485103786,0.313384776166056,0,-0.937001045079372,0.468500522539686,1,11,0.532050641203937
-28.2286620423289,-310.515282465618,-6060.41761566448,-112.393532836603,465.116279069767,0.0582010627982923,-1,4.59999999999999,11,1,1,0,-0.199999999999989,0,-12.2,6.1,0,-0.0909090909090909,0.398181818181819,0,-0.109090909090909,0.0909090909090909,0,0.0218181818181806,0,-0.269090909090909,0.134545454545455,1,-0.149110153707383,0.665906707053963,0.640211690781215,-0.0508898462926168,0.149110153707383,0,0.0101779692585228,0,-0.979143875230075,0.489571937615038,1,11,0.609677400557797
-42.425634495519,-509.107613946228,-4656.57814936836,-5.93802748862939,465.116279069767,0.09860851398863,-1,-1.6,12,0,0,0,3.2,0,-8.8,4.4,0,-0.0954545454545454,-0.172727272727272,0.145454545454545,-0.2,0,0,0.345454545454544,0,0,0,1,-0.194063059443175,-0.33050089510908,1.3287567133181,-0.2,0,0,0.66100179021816,0,-0.867754923099944,0.433877461549972,1,12,0.429413684255218
-35.1329586370958,-491.861420919342,-6901.58861202627,-54.4170920118379,465.116279069767,0.0595079205883514,-1,0.799999999999997,14,0,0,2,2.40000000000001,0,-13.6,6.8,0,-0.0714285714285714,0.0371428571428578,0,-0.2,0,0.142857142857143,0.211428571428571,0,-0.131428571428572,0.0657142857142858,1,-0.130936492016923,0.0847491936135387,0.83311088823692,-0.2,0,0.261872984033846,0.354247580840615,0,-0.940736291430151,0.470368145715075,1,14,0.545520735497784
-30.5022987367117,-305.022987367117,-5300.83976867104,-91.5304537342089,465.116279069767,0.070476724752844,-1,3.8,10,1,1,0,0.400000000000006,0,-10.6,5.3,0,-0.1,0.360000000000001,0,-0.1,0.1,0,0.0799999999999987,0,-0.22,0.11,1,-0.170476724752844,0.627811554060808,0.70476724752844,-0.029523275247156,0.170476724752844,0,0.108190689901137,0,-0.967053282380147,0.483526641190073,1,10,0.586590340382121
-37.4130096785262,-486.369125820841,-6142.01076503283,-33.9088434080917,465.116279069767,0.0702062324795308,-1,0,13,0,0,2,3,0,-12,6,0,-0.0769230769230769,-0.0199999999999992,0,-0.2,0,0.153846153846154,0.270769230769229,0,-0.0830769230769233,0.0415384615384617,1,-0.147129309402608,-0.0199999999999992,0.9126810222339,-0.2,0,0.294258618805215,0.481387928207822,0,-0.925551712831293,0.462775856415646,1,13,0.522826330358032
-33.2811880298463,-299.530692268616,-4541.26192167761,-66.0311348312835,465.116279069767,0.087879790049867,-1,3,9,1,1,0,1,0,-9,4.5,0,-0.111111111111111,0.313333333333334,0,-0.0888888888888889,0.111111111111111,0,0.15111111111111,0,-0.16,0.0800000000000001,1,-0.198990901160978,0.576972703482935,0.790918110448803,-0.00100909883902191,0.198990901160978,0,0.238990901160977,0,-0.950918110448803,0.475459055224402,1,9,0.558372822389629
-36.1017668596972,-469.322969176063,-6313.48599636179,-47.0992458180113,465.116279069767,0.0662101782585156,-1,1.2,13,0,0,2,2.59999999999999,0,-12.4,6.2,0,-0.0769230769230769,0.0723076923076927,0,-0.2,0,0.153846153846154,0.24,0,-0.113846153846154,0.056923076923077,1,-0.143133255181593,0.151759906217912,0.860732317360703,-0.2,0,0.286266510363185,0.41214646347214,0,-0.934852364251748,0.467426182125874,1,13,0.537422815022861
-41.9335585465359,-461.269144011895,-4985.78245538149,-14.6994273563308,465.116279069767,0.0903402536601394,-1,-1.2,11,0,0,3,4.40000000000001,0,-9.6,4.8,0,-0.0909090909090909,-0.129090909090909,0,-0.2,0,0.272727272727273,0.44,0,-0.0327272727272728,0.0163636363636364,1,-0.18124934456923,-0.237499213483077,0.993742790261534,-0.2,0,0.543748033707691,0.837497116104614,0,-0.899993707864611,0.449996853932306,1,11,0.501569211878541
-39.0253770591005,-390.253770591005,-4443.46361202627,-5.79283806973113,465.116279069767,0.103370586800098,-1,-1.2,10,1,1,0,2.40000000000001,0,-8.6,4.3,0,-0.1,-0.14,0,-0.1,0.1,0,0.28,0,-0.0200000000000001,0.0100000000000001,1,-0.203370586800098,-0.264044704160117,1.03370586800098,0.00337058680009759,0.203370586800098,0,0.528089408320235,0,-0.90898704648084,0.45449352324042,1,10,0.491713190060737
-41.1342589921267,-452.476848913394,-4411.42599636179,-2.58907650328336,465.116279069768,0.104847548830682,-1,1.2,11,0,0,0,2.59999999999999,0,-8.4,4.2,0,-0.1,0.100000000000001,0.0999999999999998,-0.2,0,0,0.299999999999999,0,0,0,1,-0.204847548830682,0.22581705859682,1.25332303713751,-0.2,0,0,0.572603626959773,0,-0.880719410177732,0.440359705088866,1,11,0.443789010061488
-37.3117875020857,-559.676812531286,-6592.36122769074,-0.937225379820747,465.116279069768,0.0704116533754546,-1,-0.599999999999994,15,0,0,0,2.19999999999999,0,-12.8,6.4,0,-0.0666666666666667,-0.0599999999999997,0,-0.2,0,0,0.186666666666666,0,-0.0133333333333335,0.00666666666666673,1,-0.137078320042121,-0.102246992025272,1.05617480063182,-0.2,0,0,0.341572304092665,0,-0.914602496539152,0.457301248269576,1,15,0.486339974448049
-33.7047246861032,-438.161420919341,-6847.88861202627,-88.2071393306635,465.116279069767,0.0550401972189173,-1,2.8,13,0,0,3,2.40000000000001,0,-13.6,6.8,0,-0.0769230769230769,0.195384615384615,0,-0.2,0,0.230769230769231,0.224615384615384,0,-0.206153846153846,0.103076923076923,1,-0.131963274141994,0.349497167597584,0.715522563845925,-0.2,0,0.395889822425983,0.356711857940786,0,-0.954700528331122,0.477350264165561,1,13,0.582912764352199
-34.2576844365631,-548.122950985009,-7523.41430601313,-31.6598709929254,465.116279069768,0.0576143211640491,-1,1.40000000000001,16,0,0,0,1.19999999999999,0,-14.8,7.4,0,-0.0625,0.0675000000000004,0,-0.2,0,0,0.114999999999999,0,-0.0850000000000001,0.0425000000000001,1,-0.120114321164049,0.148160049629669,0.921829138624785,-0.2,0,0,0.184137185396857,0,-0.937691953227927,0.468845976613963,1,16,0.520337619979878
-37.7685245991823,-415.453770591005,-4562.92430601313,3.00165755891467,478.34857261369,0.105491609742084,-1,1.4,11,1,0,0,1.2,0,-8.8,4.4,0,-0.0954545454545454,0.113636363636364,0.0499999999999998,-0.104545454545455,0,0,0.154545454545454,0,0,0,1,-0.200946155196629,0.261324617275281,1.21040770716292,0.000946155196629009,0,0,0.281135386235954,0,-0.928326165730336,0.464163082865168,1,11,0.45240522676403
-40.0032891070323,-560.046047498452,-6215.68768671044,-5.42416877499335,465.116279069767,0.0739567580394405,-1,-3,14,0,0,2,4,0,-12,6,0,-0.0714285714285714,-0.234285714285714,0,-0.2,0,0.142857142857143,0.325714285714284,0,-0.0171428571428573,0.00857142857142863,1,-0.145385329468012,-0.456155988404035,1.03539461255217,-0.2,0,0.290770658936024,0.621541317872047,0,-0.904623953616144,0.452311976808072,1,14,0.491305221028421
-39.584608388056,-554.184517432785,-5832.78338069731,1.09476958059721,469.942383370172,0.0807568397807457,-1,-1.40000000000001,14,0,0,0,2.80000000000001,0,-11.2,5.6,0,-0.075,-0.125,0.0499999999999998,-0.2,0,0,0.249999999999999,0,0,0,1,-0.155756839780746,-0.238059575693044,1.18059575693044,-0.2,0,0,0.476119151386088,0,-0.904476605544352,0.452238302772176,1,14,0.458590271407145
-32.877613854541,-361.653752399951,-5545.99192167761,-65.6275606559782,465.116279069767,0.0720319690427799,-1,2,11,1,1,0,1,0,-11,5.5,0,-0.0909090909090909,0.161818181818182,0,-0.109090909090909,0.0909090909090909,0,0.13090909090909,0,-0.16,0.0800000000000001,1,-0.162941059951871,0.305882119903742,0.792351659470579,-0.0370589400481292,0.162941059951871,0,0.20294105995187,0,-0.952351659470579,0.47617582973529,1,11,0.557926227655223
-29.1749909044728,-350.099890853674,-6477.045,-101.200226867105,465.116279069768,0.0561855062304898,-1,4,12,1,1,0,0,0,-13,6.5,0,-0.0833333333333333,0.313333333333333,0,-0.116666666666667,0.0833333333333333,0,0.04,0,-0.243333333333333,0.121666666666667,1,-0.139518839563823,0.538075358255293,0.674226074765878,-0.0604811604361769,0.139518839563823,0,0.04,0,-0.973744914329701,0.486872457164851,1,12,0.597290900597065
-42.2070940257141,-548.692222334284,-5073.20553370388,-5.35196106619375,465.116279069767,0.0906259986805435,-1,-2.2,13,0,0,0,3.40000000000001,0,-9.6,4.8,0,-0.0875,-0.212499999999999,0.1375,-0.2,0,0,0.337499999999999,0,0,0,1,-0.178125998680544,-0.411877197097195,1.31563798284707,-0.2,0,0,0.645628395513848,0,-0.870009587333218,0.435004793666609,1,13,0.431846431699356
-35.616145730145,-356.16145730145,-4786.41407468418,-40.0878843355223,465.116279069767,0.0887989187943982,-1,1.2,10,1,1,0,1.59999999999999,0,-9.4,4.7,0,-0.1,0.1,0,-0.1,0.1,0,0.2,0,-0.1,0.0500000000000001,1,-0.188798918794398,0.206558702553278,0.887989187943983,-0.0112010812056018,0.188798918794398,0,0.342078270071036,0,-0.934709836667344,0.467354918333672,1,10,0.529664050189291
-31.3279632504703,-344.607595755173,-5717.46715300657,-81.2162180495196,465.116279069768,0.0671451275095427,-1,3.2,11,1,1,0,0.599999999999994,0,-11.4,5.7,0,-0.0909090909090909,0.270909090909091,0,-0.109090909090909,0.0909090909090909,0,0.0945454545454538,0,-0.196363636363636,0.0981818181818182,1,-0.158054218418634,0.485773498939628,0.738596402604969,-0.0419457815813664,0.158054218418634,0,0.134832531051179,0,-0.961818089972423,0.480909044986211,1,11,0.575176618622748
-27.7544778507414,-333.053734208897,-6648.52023132896,-115.489829477851,465.116279069767,0.0525871077212667,-1,5.2,12,1,1,0,-0.400000000000006,0,-13.4,6.7,0,-0.0833333333333333,0.413333333333334,0,-0.116666666666667,0.0833333333333333,0,0.00666666666666571,0,-0.276666666666667,0.138333333333333,1,-0.1359204410546,0.686786293483921,0.6310452926552,-0.0640795589454,0.1359204410546,0,-0.0143681764218413,0,-0.98133391013164,0.49066695506582,1,12,0.613103758983962
-37.5681238720641,-525.953734208897,-6558.63814936836,-29.9206303934156,465.116279069767,0.0663545752586251,-1,-0.599999999999994,14,0,0,2,3.19999999999999,0,-12.8,6.4,0,-0.0714285714285714,-0.0628571428571425,0,-0.2,0,0.142857142857143,0.268571428571427,0,-0.0742857142857144,0.0371428571428572,1,-0.137783146687196,-0.102669888012317,0.928964053620751,-0.2,0,0.275566293374393,0.480906069399027,0,-0.923624277596115,0.461812138798058,1,14,0.518412978263102
-33.9115300656672,-339.115300656672,-4957.88930601313,-57.2354074684178,465.116279069767,0.0822690557263259,-1,2.4,10,1,1,0,1.2,0,-9.8,4.9,0,-0.1,0.22,0,-0.1,0.1,0,0.159999999999999,0,-0.14,0.0700000000000001,1,-0.182269055726326,0.417445733743183,0.822690557263259,-0.0177309442736741,0.182269055726326,0,0.25872286687159,0,-0.946236746117994,0.473118373058997,1,10,0.548639480253568
-29.7783126463996,-327.561439110396,-5888.94238433552,-96.8048754430611,465.116279069767,0.0625428777510895,-1,4.40000000000001,11,1,1,0,0.199999999999989,0,-11.8,5.9,0,-0.0909090909090909,0.380000000000001,0,-0.109090909090909,0.0909090909090909,0,0.0581818181818172,0,-0.232727272727273,0.116363636363636,1,-0.15345196866018,0.655188662104795,0.687971655261985,-0.0465480313398196,0.15345196866018,0,0.0706903937320344,0,-0.97073323019013,0.485366615095065,1,11,0.592427009590272
-37.675634495519,-452.107613946228,-4788.09953734209,1.37921754948739,471.196323551039,0.0986979358751713,-1,-4.4,12,3,0,1,0.800000000000004,0,-9.2,4.6,0,-0.0913043478260869,-0.421739130434782,0.0956521739130434,0.0739130434782608,0,0.0913043478260869,0.113043478260868,0,0,0,1,-0.190002283701258,-0.856010048285536,1.2800274044151,0.370006851103775,0,0.190002283701258,0.192001826961006,0,-0.908021010051576,0.454010505025788,1,12,0.438591219589544
-63.5944990976512,-445.161493683559,-2330.37537342089,-50.8253052854912,465.116279069767,0.177778643951303,-1,-6,7,0,0,5,8,0,-4,2,0,-0.21,-1.28,0.47,-0.2,0,1.05,1.72,0,0,0,1,-0.387778643951303,-2.34667186370782,1.71445050765912,-0.2,0,1.93889321975651,3.14222915161042,0,-0.711114575805211,0.355557287902605,1,7,0.368398685913923
-45.6105715007434,-364.884572005948,-2627.14122769074,-21.1961917129847,465.116279069767,0.168974580687841,-1,-1.6,8,2,0,1,2.2,0,-4.8,2.4,0,-0.175,-0.299999999999999,0.4,0.15,0,0.175,0.424999999999999,0,0,0,1,-0.343974580687841,-0.570359329100545,1.75179664550273,0.487949161375681,0,0.343974580687841,0.796744077513249,0,-0.811077987301636,0.405538993650818,1,8,0.363398945788492
-37.0692228397969,-333.623005558172,-4198.3114590197,-27.9255278692934,465.116279069768,0.104134901726076,-1,1.6,9,1,1,0,1.8,0,-8.2,4.1,0,-0.111111111111111,0.157777777777778,0,-0.0888888888888889,0.111111111111111,0,0.239999999999999,0,-0.0711111111111112,0.0355555555555556,1,-0.215246012837187,0.324393620539499,0.937214115534682,0.0152460128371869,0.215246012837187,0,0.427442823106936,0,-0.925017305264932,0.462508652632466,1,9,0.51620520002457
-32.2069144011895,-322.069144011895,-5129.36453734209,-74.3829306013134,465.116279069767,0.0761757807665825,-1,3.6,10,1,1,0,0.800000000000004,0,-10.2,5.1,0,-0.1,0.340000000000001,0,-0.1,0.1,0,0.119999999999999,0,-0.18,0.0900000000000001,1,-0.176175780766583,0.614232810759697,0.761757807665825,-0.0238242192334175,0.176175780766583,0,0.180940624613265,0,-0.956992963819142,0.478496481909571,1,10,0.567614910317845
-38.5192235977574,-616.307577564119,-6837.51338069731,3.43903527033937,480.276677386986,0.0707443899156208,-1,-2.40000000000001,16,0,0,0,2.80000000000001,0,-13.2,6.6,0,-0.0636363636363636,-0.172727272727272,0.018181818181818,-0.2,0,0,0.218181818181817,0,0,0,1,-0.134380753551984,-0.342513808524763,1.15009205683175,-0.2,0,0,0.416266109945556,0,-0.933825946886194,0.466912973443097,1,16,0.465096364977759
-35.1329586370958,-491.861420919342,-6901.58861202626,-54.4170920118378,465.116279069768,0.0595079205883515,-1,1.8,14,0,0,2,2.40000000000001,0,-13.6,6.8,0,-0.0714285714285714,0.108571428571429,0,-0.2,0,0.142857142857143,0.211428571428571,0,-0.131428571428572,0.0657142857142858,1,-0.130936492016923,0.215685685630461,0.83311088823692,-0.2,0,0.261872984033846,0.354247580840615,0,-0.940736291430151,0.470368145715076,1,14,0.545520735497784
-32.0205039582043,-480.307559373065,-7832.64169034866,-83.6225895570149,465.116279069767,0.048705622521049,-1,3.8,15,0,0,2,1.40000000000001,0,-15.6,7.8,0,-0.0666666666666667,0.233333333333334,0,-0.2,0,0.133333333333333,0.133333333333332,0,-0.2,0.1,1,-0.115372289187716,0.41841469891332,0.730584337815735,-0.2,0,0.230744578375431,0.201521204862801,0,-0.959807711328364,0.479903855664182,1,15,0.577839506661753
-39.0762162708238,-429.838378979061,-4860.09099636179,-3.27293108181258,465.116279069768,0.0950277162163601,-1,-1.8,11,1,1,0,2.59999999999999,0,-9.4,4.7,0,-0.0909090909090909,-0.183636363636364,0,-0.109090909090909,0.0909090909090909,0,0.276363636363636,0,-0.0145454545454546,0.00727272727272732,1,-0.185936807125451,-0.354686252825812,1.04530487837996,-0.014063192874549,0.185936807125451,0,0.523435698526172,0,-0.90780598697924,0.45390299348962,1,11,0.488924663785126
-34.9158287905137,-593.569089438732,-8322.94599636179,-51.0315354766216,465.116279069767,0.0497521843556542,-1,-0.800000000000004,17,0,0,2,2.60000000000001,0,-16.4,8.2,0,-0.0588235294117647,-0.0670588235294113,0,-0.2,0,0.117647058823529,0.192941176470588,0,-0.124705882352941,0.0623529411764706,1,-0.108575713767419,-0.106860571013935,0.845787134046122,-0.2,0,0.217151427534838,0.322296855795289,0,-0.94064170578567,0.470320852892835,1,17,0.541774282394046
-30.8840935152192,-463.261402728288,-8004.11692167761,-95.0542716456119,465.116279069767,0.0462339582299096,-1,5,15,0,0,2,1,0,-16,8,0,-0.0666666666666667,0.313333333333333,0,-0.2,0,0.133333333333333,0.106666666666666,0,-0.226666666666667,0.113333333333333,1,-0.112900624896576,0.544503124482882,0.693509373448644,-0.2,0,0.225801249793153,0.152900624896576,0,-0.966409998345221,0.48320499917261,1,15,0.590489793371271
-41.8104332635361,-585.346065689506,-5298.38076503283,-6.51046112986243,465.116279069768,0.0865558438092101,-1,-5,14,1,0,0,3,0,-10,5,0,-0.084,-0.44,0.176,-0.116,0,0,0.291999999999999,0,0,0,1,-0.17055584380921,-0.87277921904605,1.38778181332894,-0.0294441561907899,0,0,0.55166753142763,0,-0.865558438092101,0.43277921904605,1,14,0.418798733794627
-39.584608388056,-593.769125820841,-6249.41076503283,1.09476958059716,469.942383370172,0.0753730504620293,-1,-2,15,0,0,0,3,0,-12,6,0,-0.07,-0.159999999999999,0.0499999999999998,-0.2,0,0,0.249999999999999,0,0,0,1,-0.145373050462029,-0.310746100924058,1.18059575693044,-0.2,0,0,0.476119151386087,0,-0.904476605544351,0.452238302772176,1,15,0.458590271407146
-33.4365300656672,-401.238360788007,-5962.61930601313,-58.3314190348656,465.116279069768,0.0682225108057244,-1,1.40000000000001,12,1,1,0,1.19999999999999,0,-11.8,5.9,0,-0.0833333333333333,0.0966666666666671,0,-0.116666666666667,0.0833333333333333,0,0.14,0,-0.143333333333333,0.0716666666666667,1,-0.151555844139058,0.192178181794682,0.818670129668692,-0.0484441558609423,0.151555844139058,0,0.221867012966868,0,-0.948358960840881,0.474179480420441,1,12,0.549852325436373
-38.8389666161153,-582.58449924173,-6803.79030237492,-15.0324970254327,465.116279069768,0.0661519185691583,-1,-2.40000000000001,15,0,0,2,3.80000000000001,0,-13.2,6.6,0,-0.0666666666666667,-0.179999999999999,0,-0.2,0,0.133333333333333,0.293333333333332,0,-0.0400000000000002,0.0200000000000001,1,-0.132818585235825,-0.33876460456598,0.992278778537375,-0.2,0,0.26563717047165,0.544710623896134,0,-0.91320532511289,0.456602662556445,1,15,0.501937786404645
-35.9769150626824,-395.746065689506,-5203.0414590197,-34.4502458688954,465.116279069768,0.0827719780041909,-1,0.599999999999998,11,1,1,0,1.8,0,-10.2,5.1,0,-0.0909090909090909,0.0345454545454549,0,-0.109090909090909,0.0909090909090909,0,0.203636363636363,0,-0.0872727272727275,0.0436363636363637,1,-0.173681068913282,0.0842086413479693,0.9104917580461,-0.0263189310867182,0.173681068913282,0,0.352625924043907,0,-0.931546902915475,0.465773451457738,1,11,0.523425445720175
-32.0160170119358,-384.19220414323,-6134.09453734209,-72.621021645612,465.116279069768,0.0639858507290343,-1,2.59999999999999,12,1,1,0,0.800000000000011,0,-12.2,6.1,0,-0.0833333333333333,0.196666666666667,0,-0.116666666666667,0.0833333333333333,0,0.106666666666666,0,-0.176666666666667,0.0883333333333334,1,-0.147319184062368,0.363029878562156,0.767830208748412,-0.0526808159376324,0.147319184062368,0,0.157855347249894,0,-0.957294045560885,0.478647022780443,1,12,0.56566518382327
-28.6644878920733,-372.638342596953,-7065.14761566447,-104.919370379757,465.116279069767,0.0509822198040705,-1,4.59999999999999,13,1,1,0,-0.199999999999989,0,-14.2,7.1,0,-0.0769230769230769,0.333846153846154,0,-0.123076923076923,0.0769230769230769,0,0.0246153846153845,0,-0.252307692307692,0.126153846153846,1,-0.127905296727147,0.568364364944878,0.662768857452916,-0.0720947032728526,0.127905296727147,0,0.014418940654571,0,-0.976255213525493,0.488127606762747,1,13,0.601406500679735
-39.0253770591005,-390.253770591005,-4443.46361202627,-5.79283806973115,465.116279069767,0.103370586800098,-1,-0.200000000000003,10,1,1,0,2.40000000000001,0,-8.6,4.3,0,-0.1,-0.0399999999999998,0,-0.1,0.1,0,0.28,0,-0.0200000000000001,0.0100000000000001,1,-0.203370586800098,-0.0606741173600196,1.03370586800098,0.00337058680009759,0.203370586800098,0,0.528089408320235,0,-0.90898704648084,0.45449352324042,1,10,0.491713190060737
-34.4272644586117,-378.699909044729,-5374.51669034866,-50.0389032624368,465.116279069767,0.0772306422552767,-1,1.8,11,1,1,0,1.40000000000001,0,-10.6,5.3,0,-0.0909090909090909,0.143636363636364,0,-0.109090909090909,0.0909090909090909,0,0.167272727272726,0,-0.123636363636364,0.0618181818181819,1,-0.168139733164368,0.282651519695862,0.849537064808043,-0.0318602668356324,0.168139733164368,0,0.275395626430114,0,-0.942281171542296,0.471140585771148,1,11,0.540675836687699
-30.5955039582043,-367.146047498452,-6305.56976867104,-86.9106242563583,465.116279069767,0.0599796162263572,-1,3.8,12,1,1,0,0.400000000000006,0,-12.6,6.3,0,-0.0833333333333333,0.296666666666667,0,-0.116666666666667,0.0833333333333333,0,0.0733333333333324,0,-0.21,0.105,1,-0.143312949559691,0.524589208326824,0.719755394716286,-0.0566870504403095,0.143312949559691,0,0.0973251798238756,0,-0.965743164452101,0.48287158222605,1,12,0.581478042210167
-27.3532450732442,-355.592185952175,-7236.62284699343,-118.109772789676,465.116279069768,0.0479514427678458,-1,5.8,13,1,1,0,-0.599999999999994,0,-14.6,7.3,0,-0.0769230769230769,0.426153846153847,0,-0.123076923076923,0.0769230769230769,0,-0.00615384615384751,0,-0.283076923076923,0.141538461538462,1,-0.124874519690923,0.704272214207352,0.623368755981996,-0.0751254803090773,0.124874519690923,0,-0.0349247118145547,0,-0.983167987487472,0.491583993743736,1,13,0.616002985344564
-43.5183368445432,-565.738378979062,-4901.73030237492,-8.99576534481471,465.116279069767,0.093052959993323,-1,-2.4,13,0,0,0,3.8,0,-9.2,4.6,0,-0.0913043478260869,-0.239130434782608,0.18695652173913,-0.2,0,0,0.386956521739129,0,0,0,1,-0.18435730781941,-0.462457538766584,1.39664500165233,-0.2,0,0,0.740557769713757,0,-0.856087231938572,0.428043615969286,1,13,0.417249947034528
-36.566145730145,-548.492185952175,-7146.74076503283,-37.8958612026268,465.116279069767,0.0597783565842237,-1,0,15,0,0,2,3,0,-14,7,0,-0.0666666666666667,-0.0199999999999992,0,-0.2,0,0.133333333333333,0.239999999999999,0,-0.0933333333333335,0.0466666666666668,1,-0.12644502325089,-0.0199999999999992,0.896675348763356,-0.2,0,0.252890046501781,0.41933506975267,0,-0.930230325512466,0.465115162756233,1,15,0.527238359823681
-32.877613854541,-361.653752399951,-5545.99192167761,-65.6275606559782,465.116279069768,0.0720319690427799,-1,3,11,1,1,0,1,0,-11,5.5,0,-0.0909090909090909,0.252727272727273,0,-0.109090909090909,0.0909090909090909,0,0.13090909090909,0,-0.16,0.0800000000000001,1,-0.162941059951871,0.468823179855613,0.792351659470579,-0.0370589400481292,0.162941059951871,0,0.20294105995187,0,-0.952351659470579,0.47617582973529,1,11,0.557926227655223
-30.9049684035072,-525.384462859622,-9008.84692167761,-91.3786487304935,465.116279069767,0.0414856233642915,-1,4,17,0,0,2,1,0,-18,9,0,-0.0588235294117647,0.215294117647059,0,-0.2,0,0.117647058823529,0.0988235294117645,0,-0.218823529411765,0.109411764705882,1,-0.100309152776056,0.381236611104225,0.705255597192955,-0.2,0,0.200618305552112,0.140309152776056,0,-0.965564749969011,0.482782374984506,1,17,0.586422353133521
-38.7857064895482,-542.999890853674,-6387.1629180394,-17.6723995842045,465.116279069767,0.0700536193028422,-1,-0.799999999999997,14,0,0,2,3.59999999999999,0,-12.4,6.2,0,-0.0714285714285714,-0.0771428571428568,0,-0.2,0,0.142857142857143,0.297142857142857,0,-0.0457142857142857,0.0228571428571429,1,-0.141482190731414,-0.13318575258513,0.980750670239791,-0.2,0,0.282964381462827,0.549335886633088,0,-0.914379165069529,0.457189582534765,1,14,0.504859099645762
-35.616145730145,-356.16145730145,-4786.41407468418,-40.0878843355223,465.116279069767,0.0887989187943982,-1,2.2,10,1,1,0,1.59999999999999,0,-9.4,4.7,0,-0.1,0.2,0,-0.1,0.1,0,0.2,0,-0.1,0.0500000000000001,1,-0.188798918794398,0.395357621347677,0.887989187943982,-0.0112010812056018,0.188798918794398,0,0.342078270071036,0,-0.934709836667344,0.467354918333672,1,10,0.529664050189291
-31.3279632504703,-344.607595755173,-5717.46715300657,-81.2162180495196,465.116279069767,0.0671451275095427,-1,4.2,11,1,1,0,0.599999999999994,0,-11.4,5.7,0,-0.0909090909090909,0.361818181818182,0,-0.109090909090909,0.0909090909090909,0,0.0945454545454538,0,-0.196363636363636,0.0981818181818182,1,-0.158054218418634,0.643827717358261,0.738596402604969,-0.0419457815813664,0.158054218418634,0,0.134832531051179,0,-0.961818089972423,0.480909044986211,1,11,0.575176618622748
